"customer_id","first_name","last_name","moonville_id","gender","age"
1,"Paul","Carter","H1584","M",54
2,"Robert","Cooper","N0349","M",76
3,"Thelma","Evans","S9970","F",24
4,"Edgar","Gray","G0475","M",40
5,"Edgar","Perez","I9567","M",59
6,"Madelyn","Jackson","D5745","F",24
7,"Misty","Collins","Z1096","F",57
8,"Shawn","Ross","Y9766","M",51
9,"Kennedy","Perry","M5569","F",44
10,"Benjamin","Ward","A5968","M",30
11,"Lucy","Morgan","E8393","F",34
12,"Jacqueline","Martinez","L3379","F",66
13,"Joe","Cook","F1703","M",62
14,"Willie","Collins","C9818","M",54
15,"Edith","Wright","N6987","F",66
16,"Edward","Young","V8285","M",63
17,"Benjamin","Brown","J8681","M",55
18,"Steve","Hughes","O6174","M",18
19,"Bernice","Morris","R2115","F",18
20,"Nellie","Ross","Z7872","F",59
21,"Debra","Price","N6517","F",38
22,"Mary","Wilson","R8090","F",58
23,"Madelyn","Cooper","D5593","F",34
24,"Kristin","Reyes","E2001","F",37
25,"Eugene","Sullivan","C0038","M",39
26,"Edgar","Nelson","H2684","M",68
27,"Wendy","Lee","R5578","F",72
28,"Rosemary","Adams","Y8496","F",34
29,"Henry","Thomas","U2947","M",21
30,"Steve","Fisher","L7520","M",47
31,"Florence","Flores","Q4672","F",19
32,"Jesse","Gray","Q7417","M",40
33,"Chelsea","Ortiz","R5993","F",64
34,"Genesis","Cooper","D2662","F",48
35,"Joshua","Cox","Y5723","M",29
36,"Andrew","Perry","C5705","M",76
37,"Marguerite","Cruz","T4685","F",64
38,"Cora","Rivera","R4289","F",64
39,"Clifford","Clark","U2475","M",60
40,"Ruth","Campbell","A4345","F",48
41,"Martha","Sullivan","A1189","F",21
42,"Evan","Moore","J4951","M",41
43,"Donna","Perez","T1339","F",20
44,"Jean","Gray","W8215","F",68
45,"Jack","Edwards","O5572","M",31
46,"Lloyd","Martinez","J0612","M",43
47,"Beverly","Morales","V9866","F",51
48,"Hazel","Evans","F8263","F",26
49,"Thelma","Moore","K1123","F",36
50,"Rebecca","Butler","S7689","F",32
51,"Myrtle","Cruz","T7439","F",29
52,"Edward","Martin","O0666","M",66
53,"Aiden","Perez","O3151","M",57
54,"Alvin","Green","L6498","M",49
55,"Joseph","White","D2192","M",44
56,"Jared","Miller","B9227","M",25
57,"Patricia","Fisher","L6837","F",68
58,"Ray","Morales","D5637","M",45
59,"Monica","Adams","Y6416","F",41
60,"Jack","Wilson","M8686","M",49
61,"Frances","Kelly","A0612","F",68
62,"Andrew","Mitchell","O1216","M",28
63,"Christian","Ramirez","U0633","M",31
64,"Madeline","Hernandez","H1226","F",54
65,"Jesus","Ward","M8335","M",34
66,"Ben","Adams","W5184","M",58
67,"Julie","Wood","I9050","F",56
68,"Levi","Hughes","G0767","M",45
69,"Jade","Russell","W5288","F",38
70,"Glenn","Wilson","E6030","M",31
71,"Beatrice","Moore","U8536","F",66
72,"Gladys","Nelson","L9461","F",70
73,"Jean","Green","X8641","F",71
74,"Jo","Bennett","Z9624","F",35
75,"Norman","Rogers","Y2040","M",53
76,"Anita","Wood","C7445","F",45
77,"Katherine","Martin","V2907","F",36
78,"Mildred","Robinson","V6161","F",21
79,"Sam","Nelson","X0338","M",76
80,"Ethel","Cook","I1707","F",77
81,"Ethan","Torres","E5009","M",29
82,"Barry","Sullivan","Q7317","M",71
83,"Carl","Peterson","C7223","M",48
84,"Mark","Bailey","Z8009","M",56
85,"Stephanie","Cook","C6033","F",34
86,"Barry","Rodriguez","P0455","M",35
87,"Richard","Morgan","I7122","M",70
88,"Lester","Phillips","Q6288","M",38
89,"Ann","Morales","K3476","F",35
90,"Russell","Mitchell","H3007","M",36
91,"Charles","Allen","Z2183","M",23
92,"Charlotte","Collins","X7122","F",71
93,"Stanley","Phillips","Z5676","M",43
94,"Jessie","Hughes","T5147","F",47
95,"Harry","Scott","W7874","M",47
96,"Gerald","Bennett","Z0517","M",57
97,"Wyatt","White","S0078","M",20
98,"Dorothy","Wright","D2908","F",27
99,"Julia","Hill","R9896","F",74
100,"Keith","Reyes","F1698","M",26
101,"Bonnie","Cook","X5276","F",27
102,"Adam","Nguyen","V6601","M",74
103,"John","Hall","V6155","M",49
104,"Connie","Bennett","Y4894","F",61
105,"Leon","Adams","T2579","M",32
106,"Angela","Turner","Q6791","F",34
107,"Mary","Perez","Z5208","F",50
108,"Marissa","Flores","J7654","F",19
109,"Gladys","Butler","Q0840","F",39
110,"Anna","White","G8167","F",25
111,"Anthony","Brooks","B8040","M",53
112,"Jocelyn","Gray","T5588","F",35
113,"Benjamin","Ortiz","R2419","M",27
114,"Joseph","Young","I7121","M",76
115,"Brianna","Moore","I0148","F",42
116,"Edwin","Roberts","U6272","M",52
117,"Brian","Morales","T1446","M",50
118,"Nathan","Wood","Q8598","M",71
119,"Kristy","Cooper","J1363","F",68
120,"Ellen","Howard","W1905","F",74
121,"Mamie","Thompson","I7044","F",46
122,"Flora","Cox","M4601","F",67
123,"Henry","Cook","U2536","M",20
124,"Jimmie","Martin","X8757","M",47
125,"Ariana","Ramirez","N2273","F",42
126,"Louis","Gomez","H5952","M",39
127,"Jacqueline","Gomez","B1970","F",73
128,"Allison","Wright","Y2515","F",76
129,"Roy","Kelly","T8786","M",66
130,"Alexandra","Williams","B4031","F",76
131,"Nathan","Harris","Z9673","M",74
132,"Cynthia","Morris","A9242","F",18
133,"Thomas","Kelly","P7210","M",76
134,"Donald","Gomez","U4999","M",74
135,"Patrick","Jenkins","I4740","M",33
136,"Elijah","Howard","G6390","M",57
137,"Catherine","Hall","Y1151","F",75
138,"Carl","Brown","Q3013","M",18
139,"Alexander","Bell","H1879","M",51
140,"Christine","Garcia","F6956","F",42
141,"Joanne","Butler","G0330","F",71
142,"Mandy","Foster","H2368","F",66
143,"James","Ramirez","F9522","M",67
144,"Sierra","Diaz","W4053","F",53
145,"Andrew","Torres","A1680","M",52
146,"Linda","Robinson","D3209","F",24
147,"Sandra","Wilson","F9963","F",39
148,"Brandi","Garcia","M0895","F",23
149,"Minnie","Richardson","U0493","F",73
150,"David","Campbell","C1219","M",27
151,"Ernest","Smith","N1278","M",31
152,"Jasmine","Hall","G8315","F",29
153,"Amber","Lewis","G8332","F",77
154,"Hugh","Flores","H4417","M",73
155,"Bernice","White","M2510","F",39
156,"Norman","Bennett","E2895","M",70
157,"Bradley","King","E8389","M",47
158,"Lester","Jones","W2146","M",30
159,"Lois","Bennett","L0329","F",58
160,"Allison","Gray","I6924","F",43
161,"Tina","Ward","T3772","F",55
162,"Mildred","Campbell","T9161","F",33
163,"Stacey","Martin","V6342","F",23
164,"Douglas","Long","T0493","M",57
165,"Joan","Thompson","Q5516","F",68
166,"Jimmy","Ramirez","N7507","M",68
167,"Lula","Sanders","A1392","F",34
168,"Kaitlyn","Sullivan","Z7361","F",54
169,"Madelyn","Flores","J7283","F",35
170,"Bertha","Green","P7691","F",70
171,"Dustin","Mitchell","C5528","M",52
172,"Ellen","Jones","Q6948","F",27
173,"Brenda","Morales","I1575","F",55
174,"Lillian","Thompson","K4243","F",43
175,"Harold","Green","L7485","M",61
176,"Susan","Baker","E9873","F",46
177,"Evelyn","Hughes","D2367","F",37
178,"Vincent","Edwards","O1375","M",35
179,"Jason","Morgan","I3752","M",51
180,"John","Price","M0174","M",55
181,"Maria","Thompson","L5855","F",56
182,"Ryan","Ortiz","F2371","M",48
183,"Jacob","Perez","C4060","M",76
184,"Naomi","Garcia","Z0251","F",48
185,"Molly","Thompson","N6763","F",73
186,"Richard","Hughes","Q5711","M",71
187,"Sarah","Wood","Y8649","F",64
188,"Ralph","Lewis","E4981","M",74
189,"Lucille","Nelson","U5385","F",25
190,"Stella","Mitchell","X5911","F",30
191,"Carrie","Hall","S4378","F",32
192,"Gavin","Sanders","L8138","M",25
193,"Addison","Sanchez","U0259","F",22
194,"Norman","Evans","B2109","M",21
195,"Shirley","Phillips","O8097","F",31
196,"Mariah","Martin","E9652","F",43
197,"Jerry","Morgan","D5208","M",31
198,"Charlie","Hughes","L7792","M",27
199,"Vincent","Gutierrez","J3945","M",63
200,"Lizzie","Anderson","U3877","F",35
201,"Paul","Phillips","C4849","M",68
202,"Ian","Lopez","P4585","M",31
203,"Isaiah","Bennett","Q2390","M",44
204,"Angelica","Sanders","X7228","F",52
205,"William","Jenkins","H0158","M",40
206,"Vernon","Sanders","R7731","M",76
207,"Sarah","Kelly","B6897","F",46
208,"Jacob","Barnes","A7354","M",29
209,"Melvin","Hill","B7596","M",19
210,"James","Lee","J8084","M",49
211,"Lindsey","Jenkins","R6211","F",77
212,"Jasmine","Parker","K8217","F",57
213,"Olive","Russell","Q5374","F",32
214,"Claude","Stewart","G3103","M",71
215,"Helen","Watson","C1575","F",46
216,"Evelyn","Garcia","C4227","F",25
217,"Lawrence","Cooper","D2933","M",32
218,"Myrtle","Thomas","E1597","F",42
219,"Joyce","Miller","M6768","F",51
220,"Thomas","Lewis","N3461","M",61
221,"Aaron","Foster","Q1994","M",44
222,"Jim","Cooper","I2391","M",73
223,"Andrea","Garcia","P5731","F",59
224,"Makayla","Thomas","E0271","F",30
225,"Allison","Rodriguez","Z0795","F",52
226,"Isaiah","Kelly","N3756","M",29
227,"Elena","Phillips","F4716","F",28
228,"Phyllis","Rogers","I8603","F",56
229,"Julia","Torres","P7637","F",63
230,"Linda","King","Z6048","F",69
231,"Michael","Powell","Z1047","M",18
232,"Lee","Perry","S8104","M",31
233,"Jacqueline","Powell","Y6724","F",71
234,"Anthony","Richardson","I0482","M",22
235,"Jack","Diaz","M5976","M",64
236,"Judy","Brooks","J5098","F",21
237,"Eva","Cruz","V7518","F",20
238,"Jack","Miller","G1105","M",69
239,"Anne","Perry","E7872","F",21
240,"Harry","Davis","G7671","M",77
241,"Kayla","Baker","V6560","F",45
242,"Charlotte","Anderson","X6051","F",32
243,"Marie","Young","W9122","F",26
244,"Barbara","Taylor","E7740","F",56
245,"Nichole","Roberts","M7021","F",48
246,"Ellen","Wright","T6987","F",23
247,"Erica","Flores","L7128","F",67
248,"Danielle","Flores","O3245","F",64
249,"Isabella","Green","F7856","F",57
250,"Anne","Cox","U8781","F",41
251,"Louis","Cook","T3445","M",67
252,"Vernon","Young","W0418","M",58
253,"George","Turner","V4649","M",60
254,"George","Diaz","U9140","M",35
255,"Jim","Morgan","S4961","M",45
256,"Christy","Sullivan","U7876","F",50
257,"Maureen","Lopez","M9864","F",53
258,"Jacqueline","Nelson","O8672","F",71
259,"Marilyn","Davis","S0947","F",76
260,"Ian","Mitchell","N8769","M",18
261,"Bailey","Hill","X8684","F",19
262,"Sheila","Sanders","H7982","F",70
263,"Leona","Hall","Y1814","F",77
264,"Blanche","Wilson","P1408","F",39
265,"Christina","Foster","W0450","F",77
266,"Kenneth","Howard","D1280","M",52
267,"Kevin","Powell","D1553","M",55
268,"Roy","Diaz","U5351","M",25
269,"Laura","James","B2047","F",62
270,"Mike","Reed","A8548","M",73
271,"Louise","Myers","X0501","F",70
272,"Parker","Lopez","U3017","M",45
273,"Jack","Morris","R3975","M",61
274,"Kimberly","Wright","N5922","F",33
275,"Lauren","Brooks","O6385","F",35
276,"Jeffrey","Morales","G5545","M",67
277,"Maude","Collins","C2974","F",69
278,"Florence","Hernandez","U9453","F",76
279,"Robert","Jones","A1809","M",24
280,"Kathleen","Diaz","V5328","F",60
281,"Gene","Nguyen","Z4914","M",38
282,"James","Parker","W1530","M",56
283,"Richard","Ortiz","M6407","M",19
284,"Jesus","Morris","G3664","M",48
285,"Pearl","Hughes","J5734","F",35
286,"Lee","Nelson","U8916","M",60
287,"Julius","Rogers","G1661","M",50
288,"Benjamin","Peterson","H0353","M",25
289,"Clyde","Cruz","O1846","M",52
290,"Lena","Sanders","Y1296","F",21
291,"Frederick","Smith","G7722","M",38
292,"Virginia","Barnes","L6491","F",41
293,"Bernice","White","Y5537","F",36
294,"Kaylee","Cook","B8692","F",54
295,"Jessie","Davis","Y3727","M",41
296,"Alan","Anderson","T2464","M",36
297,"Ella","Rivera","J3343","F",21
298,"Josephine","Williams","A9332","F",36
299,"Gene","Wood","G2205","M",41
300,"Sebastian","Gutierrez","D1906","M",28
301,"Cathy","Miller","N2131","F",74
302,"Tina","Kelly","U7942","F",37
303,"Jared","Perry","O4108","M",77
304,"Joshua","Scott","R8808","M",75
305,"Ellen","Robinson","U5833","F",47
306,"Martha","Gomez","Y6203","F",19
307,"Autumn","Evans","U3505","F",66
308,"Jared","Wilson","F6086","M",31
309,"Hailey","Martinez","O0394","F",47
310,"Dora","Taylor","U0566","F",60
311,"Arthur","Roberts","G3861","M",25
312,"Pearl","Wright","W2497","F",53
313,"Norma","Wilson","J9609","F",56
314,"Benjamin","Fisher","Z8744","M",19
315,"Sofia","Phillips","G7221","F",55
316,"Joe","Richardson","O2770","M",42
317,"Anthony","Hughes","E8463","M",71
318,"Eleanor","Myers","T8626","F",54
319,"Joe","Taylor","T2745","M",30
320,"Josiah","Jenkins","C8754","M",64
321,"Phyllis","Price","A9205","F",19
322,"Laura","Johnson","V5555","F",26
323,"Dorothy","Robinson","U6290","F",74
324,"Kathryn","Ortiz","M2031","F",52
325,"Rita","Kelly","S2638","F",28
326,"Vickie","Hill","K6061","F",74
327,"Glenn","Roberts","S1457","M",19
328,"William","Rodriguez","Z2900","M",41
329,"Raymond","Carter","X6572","M",35
330,"Jason","Barnes","N3516","M",44
331,"Nancy","Edwards","A0475","F",55
332,"Joseph","Carter","F1849","M",71
333,"Justin","Richardson","H6133","M",21
334,"Caroline","Powell","O0897","F",35
335,"Eliana","Rogers","L1345","F",44
336,"Marie","James","H1128","F",27
337,"Maria","Jenkins","Z0987","F",41
338,"Courtney","Harris","L0401","F",18
339,"Nathan","Bell","K1911","M",69
340,"Emma","Gray","Y7889","F",65
341,"Alexis","Wilson","H7748","F",40
342,"Martin","Gonzalez","Y0154","M",48
343,"Stanley","Taylor","K3513","M",39
344,"Jane","Murphy","G6096","F",75
345,"Anthony","Davis","C9595","M",37
346,"Earl","Nelson","V2056","M",77
347,"Kenneth","Cooper","G4435","M",41
348,"Linda","Bell","N6003","F",18
349,"Lillian","Walker","X2358","F",40
350,"Catherine","Price","T5331","F",77
351,"Randy","Rivera","W8141","M",24
352,"Clarence","Lee","J0487","M",55
353,"Amy","Bell","C2643","F",70
354,"Jesse","Ross","C0469","M",42
355,"Zachary","Lopez","S8849","M",77
356,"Ethel","Carter","G2187","F",47
357,"Marie","Taylor","M2017","F",41
358,"Madison","Foster","C4339","F",71
359,"Ryan","Perry","F6769","M",57
360,"Evan","Jones","R4805","M",60
361,"Marguerite","Evans","P1924","F",18
362,"Brooke","Edwards","X4353","F",42
363,"Gabriella","Anderson","V6397","F",68
364,"Katie","Scott","M8683","F",69
365,"Ezra","Robinson","W4718","M",29
366,"Dana","Jackson","M3628","F",62
367,"Kevin","Gonzalez","J3320","M",45
368,"Horace","Williams","A9084","M",64
369,"Frederick","Ward","Q6694","M",44
370,"Johnny","Turner","P2574","M",27
371,"Wesley","Miller","L0083","M",65
372,"Harry","Nelson","D7293","M",57
373,"Nora","Lee","B3140","F",65
374,"Michele","Rivera","L2017","F",27
375,"Frederick","Ross","M7042","M",35
376,"Kevin","Robinson","C7714","M",62
377,"Joann","Nguyen","E6535","F",19
378,"Mike","Campbell","G5363","M",35
379,"Shannon","Perez","P6763","F",64
380,"Oscar","Allen","H3647","M",42
381,"Julie","Gonzalez","U3823","F",47
382,"Elizabeth","Fisher","U5441","F",52
383,"Tom","Clark","L9507","M",35
384,"Jesse","James","A0213","M",61
385,"Penelope","Ortiz","M5509","F",32
386,"Carl","Evans","F9887","M",68
387,"Randall","Martinez","O0061","M",44
388,"Eileen","Johnson","C2263","F",63
389,"Kimberly","Morales","O8267","F",61
390,"Lorraine","Morgan","I2372","F",72
391,"Dorothy","Myers","R5414","F",60
392,"Jameson","Long","Q4379","M",43
393,"Eleanor","Anderson","I3180","F",72
394,"Timothy","Young","F8365","M",36
395,"Phillip","Jackson","I8458","M",55
396,"Bill","King","G9022","M",28
397,"Maria","Watson","W4218","F",33
398,"Leroy","Bailey","U6825","M",77
399,"Norman","Ortiz","Q9200","M",77
400,"Justin","Morgan","A5378","M",20
401,"Adam","Diaz","C8315","M",75
402,"Sylvia","Rivera","X9311","F",71
403,"Gerald","Hill","S4298","M",35
404,"Daniel","Howard","R2038","M",57
405,"Alan","Murphy","W1059","M",57
406,"Juan","Jenkins","N7770","M",59
407,"Cameron","Bailey","T8041","M",26
408,"Edwin","Gutierrez","F2751","M",44
409,"Pearl","Barnes","O9656","F",58
410,"Daisy","King","N9713","F",63
411,"Mason","Martin","W0756","M",23
412,"Raymond","Gutierrez","X6978","M",35
413,"Kayden","Evans","W5368","M",61
414,"Francis","Carter","O1131","M",25
415,"Leon","Garcia","E7981","M",55
416,"Minnie","Torres","L3276","F",29
417,"Amelia","Rogers","O5401","F",67
418,"Rita","Rogers","X7721","F",47
419,"Courtney","Stewart","O5602","F",55
420,"Thelma","Torres","P6926","F",18
421,"Nancy","Hernandez","L5045","F",77
422,"Walter","Allen","A0041","M",38
423,"Jocelyn","Harris","Q2387","F",44
424,"Kim","Garcia","T8964","F",67
425,"Gail","Young","E1931","F",42
426,"Roy","Harris","D1119","M",74
427,"Constance","Murphy","M6676","F",44
428,"Myrtle","Cruz","O7712","F",62
429,"Violet","Morgan","M5208","F",48
430,"Vincent","Parker","O6784","M",72
431,"Evan","Ramirez","E8551","M",43
432,"Evelyn","Wright","P0214","F",44
433,"Sophia","Brooks","D6895","F",69
434,"Patricia","Watson","X5861","F",76
435,"Roger","Gray","S7430","M",42
436,"Albert","Long","Q9504","M",70
437,"Doris","Scott","R0304","F",22
438,"Jane","Reed","X8639","F",64
439,"Sophie","Robinson","F3168","F",77
440,"Cathy","Bennett","P6567","F",52
441,"Sylvia","Ross","H1021","F",55
442,"Jodi","Cruz","I3759","F",33
443,"Betty","King","F7622","F",22
444,"Edith","Bailey","X9742","F",56
445,"Elizabeth","Wilson","A8310","F",75
446,"Ethel","Gutierrez","W9358","F",43
447,"Connie","Morgan","P6835","F",20
448,"Ralph","Carter","E5565","M",62
449,"Angel","Reyes","J2559","M",55
450,"Bill","Roberts","E6489","M",36
451,"Jennifer","Ross","Y6783","F",74
452,"Christine","Nelson","Z1538","F",71
453,"Dewey","Barnes","A6464","M",30
454,"Chris","Anderson","D0017","M",64
455,"Terry","Hernandez","E4099","M",64
456,"Christine","Cooper","N8299","F",45
457,"Virginia","Torres","F7979","F",56
458,"Nettie","Barnes","Q9716","F",29
459,"John","King","L9331","M",41
460,"Jeremiah","Brooks","W5896","M",43
461,"Paul","Wood","A9876","M",69
462,"Donna","Brown","D5952","F",60
463,"Charles","Young","E4487","M",21
464,"Alyssa","Powell","S8823","F",28
465,"Patrick","Thompson","F5867","M",68
466,"Frederick","Garcia","Y5868","M",22
467,"Derrick","Sanchez","K8694","M",68
468,"Jason","Sullivan","O5714","M",42
469,"Anthony","Watson","O8925","M",49
470,"Joyce","Ross","N5764","F",62
471,"Veronica","Flores","D8968","F",48
472,"Xavier","Davis","K7922","M",31
473,"Marie","Gonzalez","J8921","F",43
474,"Howard","Anderson","L6175","M",41
475,"Jeremiah","Reed","D9086","M",53
476,"Darlene","Cox","S1203","F",45
477,"Thomas","Perez","I6122","M",66
478,"Fannie","Davis","K6305","F",70
479,"Doris","Butler","S8756","F",70
480,"Beatrice","Walker","Q4577","F",56
481,"Mitchell","Carter","F0771","M",59
482,"James","Howard","V8703","M",65
483,"Sierra","Collins","G9224","F",76
484,"Jacob","Rivera","J1025","M",19
485,"Candice","Green","X2310","F",40
486,"Anthony","Price","B4386","M",54
487,"Beatrice","Long","L4122","F",31
488,"Ralph","Ortiz","R1449","M",42
489,"Elizabeth","Peterson","E1583","F",74
490,"Heather","Lopez","U4938","F",65
491,"Mary","Brown","G0360","F",60
492,"Rosa","Thomas","E5300","F",34
493,"Herman","Long","M6191","M",57
494,"Lauren","Scott","E5431","F",74
495,"Leon","Bell","C9069","M",58
496,"Chester","Cruz","A0606","M",42
497,"Alan","Barnes","S2953","M",38
498,"Sally","King","F1355","F",25
499,"Diana","Anderson","D7372","F",24
500,"Flora","Howard","Z7154","F",72
501,"Jason","Brown","X6399","M",44
502,"Bernice","Gomez","P3863","F",56
503,"Colton","Sanders","G5360","M",42
504,"Christopher","Perry","D3797","M",32
505,"Raymond","Martinez","A5929","M",57
506,"Billy","Perez","E3854","M",75
507,"Eleanor","Foster","C5293","F",55
508,"Philip","Harris","K6110","M",61
509,"Ann","White","N3875","F",35
510,"Thomas","Bell","C0475","M",23
511,"Danny","Lee","P8009","M",62
512,"Jimmie","Evans","K1975","M",28
513,"Darrell","Perez","I7000","M",66
514,"Isabel","Johnson","Y7394","F",23
515,"Clyde","Foster","U8815","M",43
516,"Margaret","Wright","J2627","F",67
517,"Joseph","Myers","M0443","M",67
518,"Jessica","Thomas","L3501","F",72
519,"Harvey","Flores","Q2309","M",44
520,"Emma","Diaz","F2675","F",32
521,"Harvey","Powell","T5830","M",46
522,"Daniel","Smith","L8171","M",51
523,"Makayla","Hill","Q8426","F",53
524,"Alexa","Hernandez","M9581","F",19
525,"Howard","Phillips","T5902","M",23
526,"Judy","Brooks","N2158","F",77
527,"Virginia","King","F5594","F",29
528,"Don","Diaz","A2707","M",67
529,"Nicholas","Lee","S0910","M",33
530,"Destiny","Mitchell","B9662","F",59
531,"Emily","Watson","F4723","F",34
532,"Laurie","Martinez","D9988","F",76
533,"Melvin","Perry","H5394","M",23
534,"Stella","Scott","U0401","F",52
535,"Jerry","King","I6679","M",30
536,"Maya","Rodriguez","E4553","F",52
537,"Frank","Taylor","U1393","M",53
538,"Floyd","Thomas","U4976","M",67
539,"Leo","Long","U5694","M",27
540,"Jared","Allen","E0946","M",34
541,"Jasmine","Campbell","T1276","F",21
542,"Stanley","Edwards","W3715","M",36
543,"Latoya","Rodriguez","V0276","F",37
544,"Mary","Martin","J9094","F",56
545,"Albert","Anderson","X5606","M",38
546,"Violet","Williams","H5643","F",39
547,"Rose","Miller","J3738","F",56
548,"Marvin","Kelly","N7848","M",46
549,"Eric","Butler","W4678","M",36
550,"Raymond","Thompson","H2601","M",39
551,"Larry","Richardson","Q8470","M",31
552,"Charlotte","Young","U7955","F",59
553,"David","Gray","D1664","M",42
554,"Jose","Moore","O2163","M",45
555,"Carl","Jackson","A4628","M",53
556,"Adam","Taylor","Y5775","M",58
557,"Norma","Turner","F5880","F",64
558,"Elizabeth","Thomas","B0838","F",45
559,"Jennie","Murphy","X3609","F",61
560,"George","Rogers","Q4955","M",69
561,"Mary","Turner","M0608","F",45
562,"Carl","Davis","I5861","M",44
563,"Wayne","Clark","H9828","M",39
564,"Pearl","Perry","G9734","F",31
565,"George","Hall","O5892","M",21
566,"Brianna","Gutierrez","P3152","F",41
567,"Patrick","Reyes","Y7433","M",76
568,"Adam","Miller","E1169","M",28
569,"Caleb","Carter","L2740","M",21
570,"Shirley","Wilson","J7892","F",35
571,"Irving","Sanders","W7590","M",66
572,"Alvin","Adams","D4583","M",51
573,"Kathleen","Parker","N6481","F",24
574,"Cameron","Garcia","A2727","M",78
575,"Ryan","Harris","A1186","M",32
576,"Susan","Gray","K7761","F",27
577,"Joe","Sanders","H7565","M",72
578,"Joseph","Butler","U5140","M",69
579,"Hazel","Reed","E2437","F",25
580,"Marguerite","James","X0408","F",59
581,"Gavin","Robinson","D1971","M",71
582,"Maria","Rodriguez","X9370","F",62
583,"Lena","Young","L2187","F",72
584,"Eva","Sanchez","Y2721","F",72
585,"Elizabeth","Brooks","T0662","F",64
586,"Renee","Powell","J9997","F",38
587,"Jacob","Rodriguez","Q7504","M",66
588,"Leon","Cooper","L8347","M",21
589,"Gabriel","Hernandez","I6862","M",50
590,"Ryan","Nelson","B9702","M",52
591,"Zoey","Harris","X1597","F",26
592,"Paul","Parker","T5650","M",24
593,"Terry","Gray","G6259","F",41
594,"Edna","Smith","Q0534","F",36
595,"Jordan","Russell","G3344","M",52
596,"Ella","Hill","F5424","F",37
597,"Derek","Miller","P4322","M",73
598,"Harold","Scott","N3869","M",35
599,"Kim","Stewart","U1134","F",23
600,"Audrey","Collins","R9713","F",52
601,"Leroy","Gutierrez","F2925","M",73
602,"Lauren","Bailey","J4289","F",27
603,"Shawn","Stewart","P1466","M",28
604,"Camden","Morales","L4233","M",65
605,"Latoya","Reed","M9718","F",48
606,"Donna","Turner","H6287","F",26
607,"Clarence","Brooks","G0213","M",64
608,"Erika","Bell","N3812","F",66
609,"Cynthia","Rivera","J3451","F",40
610,"Margaret","Phillips","Z6568","F",26
611,"Isabella","Nguyen","A6664","F",47
612,"Mae","Jackson","I6369","F",73
613,"Randy","Jenkins","O6926","M",44
614,"Bryan","Rodriguez","Z0658","M",52
615,"Colton","Powell","X0423","M",25
616,"Richard","Jones","W9580","M",65
617,"Dennis","Sanders","U1410","M",32
618,"Lindsay","Rogers","L8804","F",42
619,"Emily","Howard","D8393","F",55
620,"Vernon","Campbell","R4734","M",63
621,"Julie","Rodriguez","Z2874","F",66
622,"Ruby","Hughes","K4875","F",26
623,"Roger","Baker","T2175","M",39
624,"Lucy","Mitchell","X9946","F",30
625,"Shelby","Roberts","R9229","F",71
626,"Craig","Nelson","U4407","M",52
627,"Vera","Walker","Q8988","F",57
628,"Victoria","Williams","P9388","F",26
629,"Aaron","White","G7078","M",42
630,"Savannah","Edwards","G2754","F",65
631,"Joe","Garcia","T7224","M",61
632,"Brandon","Lee","D0512","M",70
633,"Annie","Diaz","O5377","F",23
634,"Roman","Fisher","G2816","M",58
635,"Robert","Robinson","J8732","M",65
636,"Jessie","Hernandez","X2876","M",49
637,"Walter","Wood","A0400","M",55
638,"Tanner","Parker","N7661","M",32
639,"Vernon","Wilson","D7952","M",37
640,"John","Bennett","Y9834","M",56
641,"Ashley","Jackson","V8188","F",61
642,"Thomas","Hughes","Y5394","M",53
643,"Carol","Baker","L0234","F",64
644,"Lynn","Smith","I0906","F",42
645,"Jennifer","Morris","F1674","F",35
646,"Minnie","Roberts","X6116","F",58
647,"Stephanie","Ross","S8077","F",63
648,"Ronald","Allen","K2627","M",21
649,"Willie","Jackson","F7673","M",68
650,"Barbara","Jones","I2418","F",30
651,"Cooper","Young","L0341","M",73
652,"Margaret","Evans","V4699","F",75
653,"Annie","Reed","J7996","F",28
654,"Willie","Price","R5798","M",46
655,"Dennis","Clark","Q5763","M",77
656,"Daniel","Reyes","Z4062","M",34
657,"Jean","Williams","C9777","F",33
658,"Hazel","Lopez","E5352","F",35
659,"Rose","Davis","T7825","F",58
660,"Cameron","Cook","A3230","M",42
661,"Larry","Richardson","O1691","M",41
662,"Lydia","Rodriguez","D7810","F",24
663,"Vernon","Stewart","C6024","M",48
664,"Sharon","Diaz","V6665","F",60
665,"Timothy","Barnes","U1147","M",51
666,"Edgar","Anderson","P3392","M",37
667,"Suzanne","Campbell","X1238","F",54
668,"Aaliyah","Hill","F0763","F",42
669,"Diana","Kelly","D0368","F",48
670,"Gary","Richardson","Y9616","M",68
671,"Edward","Carter","N9560","M",62
672,"David","Gonzalez","B7328","M",49
673,"Louis","Wilson","O4709","M",26
674,"Linda","Richardson","M3091","F",67
675,"James","Hill","M2327","M",22
676,"Terry","Smith","A7893","M",76
677,"Louise","Jackson","X7861","F",60
678,"Curtis","Lee","S5010","M",66
679,"Ruby","Mitchell","X5256","F",76
680,"Robert","Adams","R6540","M",33
681,"Molly","Miller","A2937","F",70
682,"Jim","Cox","R1545","M",52
683,"Mattie","Morales","M2672","F",47
684,"Virginia","Anderson","O1863","F",54
685,"Martin","Baker","S2999","M",67
686,"James","Martin","W2429","M",67
687,"Philip","Scott","X5740","M",40
688,"Charlotte","White","J1109","F",36
689,"Donald","Gray","H6744","M",47
690,"Caroline","Richardson","G6768","F",73
691,"Jessica","Thompson","H6868","F",60
692,"Jim","Sanders","F8859","M",42
693,"Justin","Nguyen","U7964","M",34
694,"Lula","Butler","C6744","F",21
695,"Jennie","Mitchell","Y6893","F",21
696,"Ernest","Allen","X7897","M",76
697,"Terry","Nelson","A6468","M",51
698,"Danny","Mitchell","E0390","M",22
699,"Kathryn","Bailey","L2532","F",56
700,"Ellen","Lopez","W2365","F",31
701,"David","Sanders","E7072","M",74
702,"Elmer","Brown","D5015","M",63
703,"Della","Butler","O7582","F",26
704,"Randy","Russell","M7389","M",61
705,"Beverly","Richardson","B5243","F",55
706,"Velma","Rivera","Z3250","F",56
707,"Jennie","Carter","Z7558","F",63
708,"Lottie","Reed","X2113","F",46
709,"Rose","Cox","Z3665","F",48
710,"Harry","Morgan","T1284","M",44
711,"Cora","Cook","P0177","F",37
712,"Lucas","Carter","Y2475","M",43
713,"Jonathan","Smith","N7247","M",52
714,"Michael","Sanchez","V5887","M",30
715,"George","Jenkins","X3253","M",49
716,"Philip","Cook","H6298","M",24
717,"Jesus","Ward","N0652","M",61
718,"Alice","Jackson","D8579","F",47
719,"Autumn","Long","N6111","F",44
720,"Kenneth","Sullivan","R2590","M",45
721,"Joseph","Perry","Z2335","M",18
722,"Susan","Sanchez","U2766","F",62
723,"Gary","Sanchez","O9019","M",56
724,"Karen","Price","W7830","F",23
725,"Melvin","Smith","V8393","M",20
726,"Herbert","Perez","E2255","M",55
727,"James","Brown","P8602","M",24
728,"Luis","Roberts","J0673","M",28
729,"Clifford","Jackson","U5316","M",44
730,"Pamela","Gomez","G4899","F",44
731,"Bailey","Morgan","J1977","F",24
732,"Marguerite","Lewis","D9498","F",66
733,"Ruth","Martin","P0718","F",42
734,"Christine","Rivera","G6563","F",58
735,"Jace","Miller","M8463","M",45
736,"Clara","Fisher","V4305","F",69
737,"Rita","Lopez","J1845","F",32
738,"Natalie","Collins","Y9791","F",41
739,"Ray","Carter","E1522","M",27
740,"Tina","Campbell","U1780","F",47
741,"Loretta","Reed","H6123","F",48
742,"Leslie","Hall","I8197","F",19
743,"Evelyn","Williams","Y2740","F",61
744,"Thelma","Edwards","R2099","F",50
745,"Mary","Adams","C2120","F",75
746,"Scott","Brooks","R4326","M",40
747,"Joshua","Perry","W5461","M",44
748,"Adrian","Mitchell","T4086","M",37
749,"Charlie","Wilson","Z3921","M",49
750,"Brandy","Nguyen","Q4463","F",55
751,"Luther","Torres","T1589","M",46
752,"Stella","Stewart","I3673","F",65
753,"Glenn","Baker","I9894","M",71
754,"Thelma","Campbell","I9291","F",37
755,"Louis","Jones","X5440","M",21
756,"Tony","Brown","O3460","M",50
757,"Daniel","Cook","N9219","M",21
758,"Virginia","Hall","X8891","F",70
759,"Charles","Phillips","A3804","M",54
760,"Tina","Watson","L8510","F",38
761,"Rose","Collins","C7694","F",18
762,"Brenda","Cox","W3513","F",22
763,"George","Myers","S1066","M",40
764,"Timothy","Turner","E7049","M",70
765,"Ronald","Russell","D7858","M",18
766,"Geraldine","Ramirez","T4230","F",38
767,"Gladys","Nguyen","I2007","F",67
768,"Trinity","Price","O2836","F",49
769,"Wanda","Baker","W5984","F",27
770,"Oliver","Bailey","C1812","M",73
771,"Oscar","Gutierrez","I4756","M",20
772,"Elsie","Ross","R8066","F",26
773,"Marc","Sanchez","E7796","M",27
