"employee_id","first_name","last_name","moonville_id","gender","birth_date","department_id","start_date","salary","is_supervisor"
1,"Robert","Cooper","N0349","M","1948-06-25",9,"2009-09-25",53152,"N"
2,"Jacqueline","Martinez","L3379","F","1958-09-14",9,"2013-09-27",49526,"N"
3,"Patrick","Ross","P9149","M","1987-06-24",4,"2018-01-24",55787,"N"
5,"Willie","Fisher","P0220","M","1990-01-30",9,"2020-05-25",43144,"N"
6,"Edward","Martin","O0666","M","1958-04-04",7,"2011-11-13",45833,"N"
7,"Emma","Bennett","B9830","F","1948-05-27",6,"2024-04-21",45200,"N"
8,"Alfred","Long","N9700","M","1963-02-10",5,"2021-09-13",45136,"N"
10,"Marvin","Robinson","W1890","M","1958-04-28",7,"2015-06-29",42050,"N"
11,"Mamie","Thompson","I7044","F","1978-06-11",8,"2009-12-12",42372,"N"
12,"Elijah","Howard","G6390","M","1967-08-13",1,"2017-02-02",39442,"N"
13,"Larry","Wright","D0872","M","1958-03-20",5,"2017-11-05",49108,"N"
14,"Philip","Wood","M8809","M","1991-07-23",4,"2013-06-19",59386,"N"
15,"Ralph","Lewis","E4981","M","1950-06-28",1,"2019-11-21",37863,"N"
16,"Addison","Sanchez","U0259","F","2002-10-21",6,"2018-06-15",50521,"N"
17,"Kaylee","Cruz","H9864","F","1996-02-24",3,"2014-01-05",56664,"N"
18,"Patricia","Lewis","J5674","F","1992-10-04",1,"2022-12-24",33723,"N"
19,"John","Jenkins","I0292","M","1959-07-23",4,"2024-07-03",51109,"N"
20,"Jason","Sanchez","K8179","M","1985-01-21",5,"2022-07-19",45087,"N"
21,"Eddie","Howard","E8975","M","1985-08-27",6,"2005-12-27",59082,"N"
22,"Sebastian","Adams","C3731","M","1994-07-14",7,"2019-08-03",39543,"N"
23,"Tina","Kelly","U7942","F","1987-11-15",3,"2016-02-07",54702,"N"
24,"Horace","Martin","C1279","M","1995-05-28",1,"2019-12-09",37296,"N"
27,"Mildred","Ward","Q9559","F","1956-07-01",4,"2016-04-14",57231,"N"
28,"Michele","Rivera","L2017","F","1997-10-09",9,"2022-05-13",42536,"N"
29,"Lizzie","Rogers","A2245","F","1977-10-30",6,"2018-01-09",50814,"N"
30,"Eleanor","Anderson","I3180","F","1952-11-11",6,"2009-10-18",57227,"N"
32,"Bailey","Fisher","U8369","F","2005-05-03",7,"2012-07-22",45980,"N"
33,"Leon","Garcia","E7981","M","1969-02-28",9,"2018-08-27",46411,"N"
35,"Mildred","Morris","J2193","F","1961-11-17",8,"2015-04-11",37840,"N"
36,"Glenn","Green","U5842","M","1954-05-16",6,"2013-04-10",53856,"N"
37,"Paul","Wood","A9876","M","1955-12-07",4,"2015-08-20",57424,"N"
38,"Heather","Lopez","U4938","F","1959-10-17",4,"2014-02-17",57653,"N"
39,"Daniel","Smith","L8171","M","1973-06-09",7,"2017-04-22",41549,"N"
40,"Ed","Young","L3405","M","1963-02-26",6,"2023-03-18",46484,"N"
41,"Mary","Turner","M0608","F","1979-01-07",8,"2012-01-02",40536,"N"
42,"Patrick","Reyes","Y7433","M","1948-11-12",4,"2017-05-21",55464,"N"
43,"Otto","Gutierrez","Z0036","M","1966-09-04",7,"2016-09-16",42775,"N"
44,"Matthew","Roberts","S0445","M","1980-07-06",7,"2020-02-24",38504,"N"
45,"Jordan","Russell","G3344","M","1972-03-29",9,"2018-12-17",44558,"N"
46,"Aurora","Murphy","B2797","F","1975-11-13",6,"2015-04-08",53574,"N"
48,"Sophia","Brooks","Q9258","F","1988-02-18",7,"2023-03-22",37201,"N"
50,"Georgia","James","D0961","F","1975-11-09",2,"2010-08-12",49194,"N"
51,"Barbara","Jones","I2418","F","1994-09-01",9,"2024-08-01",40160,"N"
52,"Tammy","Hall","B6873","F","1963-09-30",5,"2016-07-03",50187,"N"
53,"Thomas","Allen","R8122","M","2002-12-21",9,"2018-02-10",44837,"N"
54,"Suzanne","Campbell","X1238","F","1970-05-06",5,"2020-11-20",46058,"N"
55,"Nannie","Cox","K6522","F","1948-04-01",2,"2022-07-30",39809,"N"
56,"Henry","Walker","I1394","M","1994-01-01",9,"2006-07-15",54105,"N"
57,"Samuel","Turner","G3402","M","1970-03-22",2,"2016-09-29",45241,"N"
58,"Alyssa","Johnson","Q7613","F","1972-08-25",2,"2024-02-06",38173,"N"
60,"Harry","Morgan","T1284","M","1980-01-04",6,"2013-09-14",54367,"N"
61,"Ronald","Martin","V7146","M","1968-09-17",8,"2018-01-16",35121,"N"
62,"Loretta","Reed","H6123","F","1976-11-21",9,"2006-06-29",54919,"N"
63,"Raymond","Long","G3311","M","1980-03-05",6,"2021-11-20",49210,"N"
64,"Chloe","Sullivan","F0846","F","1989-02-09",2,"2014-04-24",46277,"N"
65,"Emily","Bennett","R1185","F","1989-01-12",7,"2011-11-02",45870,"N"
66,"Amy","Richardson","M2545","F","2004-12-13",4,"2012-07-07",60503,"N"
67,"Bailey","James","G9052","F","2001-07-23",7,"2014-04-20",43159,"N"
68,"Rosa","Reed","E2378","F","1998-01-06",3,"2020-09-04",51223,"N"
69,"Francis","Carter","O1131",NULL,"1999-09-06",3,"2025-01-14",49193,"N"
4,"Keith","Morales","F5104","M","1998-09-25",8,"2008-01-25",53963,"Y"
9,"Richard","Morgan","I7122","M","1954-02-15",4,"2006-03-30",74687,"Y"
25,"Raymond","Wilson","W5447","M","1994-02-09",6,"2006-11-21",69722,"Y"
26,"Katie","Mitchell","F5198","F","2005-12-17",3,"2005-06-11",73717,"Y"
31,"Jose","Johnson","D9332","M","1992-04-19",1,"2005-12-11",58745,"Y"
34,"Wanda","Moore","I3409","F","1990-07-19",5,"2011-08-15",64184,"Y"
47,"Erika","Bell","N3812","F","1958-09-16",9,"2006-07-06",65144,"Y"
49,"Leonard","Lopez","Y8387","M","1957-05-01",7,"2009-05-29",56607,"Y"
59,"Eleanor","Robinson","E1964","F","1992-04-23",2,"2005-11-26",62385,"Y"
