"moonville_id","first_name","last_name","gender","birth_date","is_customer","is_employee"
"A0041","Walter","Allen","M","1986-10-28","Y","N"
"A0213","Jesse","James","M","1963-11-13","Y","N"
"A0400","Walter","Wood","M","1969-01-23","Y","N"
"A0475","Nancy","Edwards","F","1969-03-30","Y","N"
"A0606","Chester","Cruz","M","1982-09-02","Y","N"
"A0612","Frances","Kelly","F","1956-09-24","Y","N"
"A1186","Ryan","Harris","M","1992-02-05","Y","N"
"A1189","Martha","Sullivan","F","2003-02-14","Y","N"
"A1392","Lula","Sanders","F","1990-11-28","Y","N"
"A1680","Andrew","Torres","M","1972-06-03","Y","N"
"A1809","Robert","Jones","M","2000-10-21","Y","N"
"A2245","Lizzie","Rogers","F","1977-10-30","N","Y"
"A2707","Don","Diaz","M","1957-01-17","Y","N"
"A2727","Cameron","Garcia","M","1946-12-15","Y","N"
"A2937","Molly","Miller","F","1954-06-04","Y","N"
"A3230","Cameron","Cook","M","1982-08-04","Y","N"
"A3804","Charles","Phillips","M","1970-11-15","Y","N"
"A4345","Ruth","Campbell","F","1976-12-03","Y","N"
"A4628","Carl","Jackson","M","1971-08-14","Y","N"
"A5378","Justin","Morgan","M","2004-07-14","Y","N"
"A5929","Raymond","Martinez","M","1967-11-18","Y","N"
"A5968","Benjamin","Ward","M","1994-02-23","Y","N"
"A6464","Dewey","Barnes","M","1994-01-06","Y","N"
"A6468","Terry","Nelson","M","1973-11-15","Y","N"
"A6664","Isabella","Nguyen","F","1977-06-01","Y","N"
"A7354","Jacob","Barnes","M","1995-05-11","Y","N"
"A7893","Terry","Smith","M","1948-12-12","Y","N"
"A8310","Elizabeth","Wilson","F","1949-02-07","Y","N"
"A8548","Mike","Reed","M","1951-03-02","Y","N"
"A9084","Horace","Williams","M","1959-12-18","Y","N"
"A9205","Phyllis","Price","F","2005-05-06","Y","N"
"A9242","Cynthia","Morris","F","2006-06-13","Y","N"
"A9332","Josephine","Williams","F","1988-01-18","Y","N"
"A9876","Paul","Wood","M","1955-12-07","Y","Y"
"B0838","Elizabeth","Thomas","F","1979-07-12","Y","N"
"B1970","Jacqueline","Gomez","F","1951-06-19","Y","N"
"B2047","Laura","James","F","1962-09-23","Y","N"
"B2109","Norman","Evans","M","2003-11-08","Y","N"
"B2797","Aurora","Murphy","F","1975-11-13","N","Y"
"B3140","Nora","Lee","F","1959-01-13","Y","N"
"B4031","Alexandra","Williams","F","1948-05-09","Y","N"
"B4386","Anthony","Price","M","1970-11-18","Y","N"
"B5243","Beverly","Richardson","F","1969-06-01","Y","N"
"B6873","Tammy","Hall","F","1963-09-30","N","Y"
"B6897","Sarah","Kelly","F","1978-06-05","Y","N"
"B7328","David","Gonzalez","M","1975-09-27","Y","N"
"B7596","Melvin","Hill","M","2005-06-10","Y","N"
"B8040","Anthony","Brooks","M","1971-04-06","Y","N"
"B8692","Kaylee","Cook","F","1970-08-30","Y","N"
"B9227","Jared","Miller","M","1999-07-17","Y","N"
"B9662","Destiny","Mitchell","F","1965-03-21","Y","N"
"B9702","Ryan","Nelson","M","1972-11-05","Y","N"
"B9830","Emma","Bennett","F","1948-05-27","N","Y"
"C0038","Eugene","Sullivan","M","1985-11-25","Y","N"
"C0469","Jesse","Ross","M","1982-02-27","Y","N"
"C0475","Thomas","Bell","M","2001-06-21","Y","N"
"C1219","David","Campbell","M","1997-02-20","Y","N"
"C1279","Horace","Martin","M","1995-05-28","N","Y"
"C1575","Helen","Watson","F","1977-12-16","Y","N"
"C1812","Oliver","Bailey","M","1951-08-01","Y","N"
"C2120","Mary","Adams","F","1949-05-26","Y","N"
"C2263","Eileen","Johnson","F","1961-02-18","Y","N"
"C2643","Amy","Bell","F","1954-01-11","Y","N"
"C2974","Maude","Collins","F","1955-07-15","Y","N"
"C3731","Sebastian","Adams","M","1994-07-14","N","Y"
"C4060","Jacob","Perez","M","1948-07-03","Y","N"
"C4227","Evelyn","Garcia","F","1999-01-08","Y","N"
"C4339","Madison","Foster","F","1953-05-29","Y","N"
"C4849","Paul","Phillips","M","1956-06-28","Y","N"
"C5293","Eleanor","Foster","F","1969-06-12","Y","N"
"C5528","Dustin","Mitchell","M","1972-02-16","Y","N"
"C5705","Andrew","Perry","M","1948-08-18","Y","N"
"C6024","Vernon","Stewart","M","1976-04-20","Y","N"
"C6033","Stephanie","Cook","F","1990-02-25","Y","N"
"C6744","Lula","Butler","F","2003-01-26","Y","N"
"C7223","Carl","Peterson","M","1976-07-16","Y","N"
"C7445","Anita","Wood","F","1979-08-07","Y","N"
"C7694","Rose","Collins","F","2006-03-06","Y","N"
"C7714","Kevin","Robinson","M","1961-12-30","Y","N"
"C8315","Adam","Diaz","M","1949-09-16","Y","N"
"C8754","Josiah","Jenkins","M","1960-10-10","Y","N"
"C9069","Leon","Bell","M","1966-12-15","Y","N"
"C9595","Anthony","Davis","M","1987-11-19","Y","N"
"C9777","Jean","Williams","F","1991-11-05","Y","N"
"C9818","Willie","Collins","M","1970-01-15","Y","N"
"D0017","Chris","Anderson","M","1960-01-15","Y","N"
"D0368","Diana","Kelly","F","1976-03-05","Y","N"
"D0512","Brandon","Lee","M","1954-10-25","Y","N"
"D0872","Larry","Wright","M","1958-03-20","N","Y"
"D0961","Georgia","James","F","1975-11-09","N","Y"
"D1119","Roy","Harris","M","1949-12-22","Y","N"
"D1280","Kenneth","Howard","M","1972-09-14","Y","N"
"D1553","Kevin","Powell","M","1969-10-25","Y","N"
"D1664","David","Gray","M","1982-04-22","Y","N"
"D1906","Sebastian","Gutierrez","M","1996-04-20","Y","N"
"D1971","Gavin","Robinson","M","1952-12-26","Y","N"
"D2192","Joseph","White","M","1980-04-18","Y","N"
"D2367","Evelyn","Hughes","F","1987-11-27","Y","N"
"D2662","Genesis","Cooper","F","1976-08-10","Y","N"
"D2908","Dorothy","Wright","F","1997-07-23","Y","N"
"D2933","Lawrence","Cooper","M","1992-11-19","Y","N"
"D3209","Linda","Robinson","F","2000-12-13","Y","N"
"D3797","Christopher","Perry","M","1992-04-16","Y","N"
"D4583","Alvin","Adams","M","1973-03-11","Y","N"
"D5015","Elmer","Brown","M","1961-10-30","Y","N"
"D5208","Jerry","Morgan","M","1993-02-24","Y","N"
"D5593","Madelyn","Cooper","F","1990-06-30","Y","N"
"D5637","Ray","Morales","M","1979-09-27","Y","N"
"D5745","Madelyn","Jackson","F","1999-12-29","Y","N"
"D5952","Donna","Brown","F","1964-04-04","Y","N"
"D6895","Sophia","Brooks","F","1955-09-24","Y","N"
"D7293","Harry","Nelson","M","1967-02-23","Y","N"
"D7372","Diana","Anderson","F","2000-08-24","Y","N"
"D7810","Lydia","Rodriguez","F","2000-05-11","Y","N"
"D7858","Ronald","Russell","M","2006-07-22","Y","N"
"D7952","Vernon","Wilson","M","1987-01-07","Y","N"
"D8393","Emily","Howard","F","1969-04-05","Y","N"
"D8579","Alice","Jackson","F","1977-01-28","Y","N"
"D8968","Veronica","Flores","F","1976-06-17","Y","N"
"D9086","Jeremiah","Reed","M","1971-02-19","Y","N"
"D9332","Jose","Johnson","M","1992-04-19","N","Y"
"D9498","Marguerite","Lewis","F","1958-09-30","Y","N"
"D9988","Laurie","Martinez","F","1948-04-12","Y","N"
"E0271","Makayla","Thomas","F","1994-06-03","Y","N"
"E0390","Danny","Mitchell","M","2002-03-26","Y","N"
"E0946","Jared","Allen","M","1990-06-01","Y","N"
"E1169","Adam","Miller","M","1996-10-15","Y","N"
"E1522","Ray","Carter","M","1996-12-28","Y","N"
"E1583","Elizabeth","Peterson","F","1950-05-09","Y","N"
"E1597","Myrtle","Thomas","F","1982-12-14","Y","N"
"E1931","Gail","Young","F","1982-01-12","Y","N"
"E1964","Eleanor","Robinson","F","1992-04-23","N","Y"
"E2001","Kristin","Reyes","F","1987-10-15","Y","N"
"E2255","Herbert","Perez","M","1969-09-22","Y","N"
"E2378","Rosa","Reed","F","1998-01-06","N","Y"
"E2437","Hazel","Reed","F","1999-07-30","Y","N"
"E2895","Norman","Bennett","M","1954-01-16","Y","N"
"E3854","Billy","Perez","M","1949-08-07","Y","N"
"E4099","Terry","Hernandez","M","1960-10-28","Y","N"
"E4487","Charles","Young","M","2003-08-05","Y","N"
"E4553","Maya","Rodriguez","F","1972-06-07","Y","N"
"E4981","Ralph","Lewis","M","1950-06-28","Y","Y"
"E5009","Ethan","Torres","M","1995-04-16","Y","N"
"E5300","Rosa","Thomas","F","1990-06-13","Y","N"
"E5352","Hazel","Lopez","F","1989-11-06","Y","N"
"E5431","Lauren","Scott","F","1950-10-08","Y","N"
"E5565","Ralph","Carter","M","1962-03-03","Y","N"
"E6030","Glenn","Wilson","M","1993-08-08","Y","N"
"E6489","Bill","Roberts","M","1988-02-04","Y","N"
"E6535","Joann","Nguyen","F","2005-10-31","Y","N"
"E7049","Timothy","Turner","M","1954-06-09","Y","N"
"E7072","David","Sanders","M","1950-06-17","Y","N"
"E7740","Barbara","Taylor","F","1968-11-07","Y","N"
"E7796","Marc","Sanchez","M","1997-11-01","Y","N"
"E7872","Anne","Perry","F","2003-03-02","Y","N"
"E7981","Leon","Garcia","M","1969-02-28","Y","Y"
"E8389","Bradley","King","M","1977-03-16","Y","N"
"E8393","Lucy","Morgan","F","1990-06-04","Y","N"
"E8463","Anthony","Hughes","M","1953-11-17","Y","N"
"E8551","Evan","Ramirez","M","1981-02-11","Y","N"
"E8975","Eddie","Howard","M","1985-08-27","N","Y"
"E9652","Mariah","Martin","F","1981-08-12","Y","N"
"E9873","Susan","Baker","F","1978-07-31","Y","N"
"F0763","Aaliyah","Hill","F","1982-10-14","Y","N"
"F0771","Mitchell","Carter","M","1965-10-13","Y","N"
"F0846","Chloe","Sullivan","F","1989-02-09","N","Y"
"F1355","Sally","King","F","1999-10-02","Y","N"
"F1674","Jennifer","Morris","F","1989-02-09","Y","N"
"F1698","Keith","Reyes","M","1998-08-07","Y","N"
"F1703","Joe","Cook","M","1962-04-29","Y","N"
"F1849","Joseph","Carter","M","1953-05-16","Y","N"
"F2371","Ryan","Ortiz","M","1975-12-20","Y","N"
"F2675","Emma","Diaz","F","1992-04-19","Y","N"
"F2751","Edwin","Gutierrez","M","1980-07-08","Y","N"
"F2925","Leroy","Gutierrez","M","1951-02-09","Y","N"
"F3168","Sophie","Robinson","F","1947-05-29","Y","N"
"F4716","Elena","Phillips","F","1996-07-14","Y","N"
"F4723","Emily","Watson","F","1990-02-07","Y","N"
"F5104","Keith","Morales","M","1998-09-25","N","Y"
"F5198","Katie","Mitchell","F","2005-12-17","N","Y"
"F5424","Ella","Hill","F","1987-07-26","Y","N"
"F5594","Virginia","King","F","1995-06-22","Y","N"
"F5867","Patrick","Thompson","M","1956-12-07","Y","N"
"F5880","Norma","Turner","F","1960-12-14","Y","N"
"F6086","Jared","Wilson","M","1993-08-22","Y","N"
"F6769","Ryan","Perry","M","1967-08-20","Y","N"
"F6956","Christine","Garcia","F","1982-01-31","Y","N"
"F7622","Betty","King","F","2002-07-02","Y","N"
"F7673","Willie","Jackson","M","1956-01-05","Y","N"
"F7856","Isabella","Green","F","1967-11-01","Y","N"
"F7979","Virginia","Torres","F","1968-07-31","Y","N"
"F8263","Hazel","Evans","F","1998-03-29","Y","N"
"F8365","Timothy","Young","M","1988-09-02","Y","N"
"F8859","Jim","Sanders","M","1982-12-14","Y","N"
"F9522","James","Ramirez","M","1957-06-26","Y","N"
"F9887","Carl","Evans","M","1956-04-10","Y","N"
"F9963","Sandra","Wilson","F","1985-08-29","Y","N"
"G0213","Clarence","Brooks","M","1960-10-26","Y","N"
"G0330","Joanne","Butler","F","1953-02-16","Y","N"
"G0360","Mary","Brown","F","1964-07-10","Y","N"
"G0475","Edgar","Gray","M","1984-09-11","Y","N"
"G0767","Levi","Hughes","M","1979-01-21","Y","N"
"G1105","Jack","Miller","M","1955-04-30","Y","N"
"G1661","Julius","Rogers","M","1974-11-30","Y","N"
"G2187","Ethel","Carter","F","1977-07-09","Y","N"
"G2205","Gene","Wood","M","1983-12-07","Y","N"
"G2754","Savannah","Edwards","F","1959-09-14","Y","N"
"G2816","Roman","Fisher","M","1966-06-16","Y","N"
"G3103","Claude","Stewart","M","1952-12-25","Y","N"
"G3311","Raymond","Long","M","1980-03-05","N","Y"
"G3344","Jordan","Russell","M","1972-03-29","Y","Y"
"G3402","Samuel","Turner","M","1970-03-22","N","Y"
"G3664","Jesus","Morris","M","1976-11-23","Y","N"
"G3861","Arthur","Roberts","M","1999-06-12","Y","N"
"G4435","Kenneth","Cooper","M","1982-12-31","Y","N"
"G4899","Pamela","Gomez","F","1980-11-03","Y","N"
"G5360","Colton","Sanders","M","1982-02-23","Y","N"
"G5363","Mike","Campbell","M","1989-11-22","Y","N"
"G5545","Jeffrey","Morales","M","1957-10-25","Y","N"
"G6096","Jane","Murphy","F","1949-04-13","Y","N"
"G6259","Terry","Gray","F","1983-03-12","Y","N"
"G6390","Elijah","Howard","M","1967-08-13","Y","Y"
"G6563","Christine","Rivera","F","1966-01-31","Y","N"
"G6768","Caroline","Richardson","F","1951-09-21","Y","N"
"G7078","Aaron","White","M","1982-09-26","Y","N"
"G7221","Sofia","Phillips","F","1969-04-16","Y","N"
"G7671","Harry","Davis","M","1947-08-08","Y","N"
"G7722","Frederick","Smith","M","1986-04-28","Y","N"
"G8167","Anna","White","F","1999-08-06","Y","N"
"G8315","Jasmine","Hall","F","1995-07-20","Y","N"
"G8332","Amber","Lewis","F","1947-07-26","Y","N"
"G9022","Bill","King","M","1996-02-22","Y","N"
"G9052","Bailey","James","F","2001-07-23","N","Y"
"G9224","Sierra","Collins","F","1948-02-27","Y","N"
"G9734","Pearl","Perry","F","1993-11-10","Y","N"
"H0158","William","Jenkins","M","1984-02-05","Y","N"
"H0353","Benjamin","Peterson","M","1999-08-18","Y","N"
"H1021","Sylvia","Ross","F","1969-09-08","Y","N"
"H1128","Marie","James","F","1997-02-08","Y","N"
"H1226","Madeline","Hernandez","F","1970-08-31","Y","N"
"H1584","Paul","Carter","M","1970-02-22","Y","N"
"H1879","Alexander","Bell","M","1973-11-08","Y","N"
"H2368","Mandy","Foster","F","1957-12-16","Y","N"
"H2601","Raymond","Thompson","M","1985-06-13","Y","N"
"H2684","Edgar","Nelson","M","1956-09-04","Y","N"
"H3007","Russell","Mitchell","M","1988-07-27","Y","N"
"H3647","Oscar","Allen","M","1982-09-10","Y","N"
"H4417","Hugh","Flores","M","1951-05-17","Y","N"
"H5394","Melvin","Perry","M","2001-04-12","Y","N"
"H5643","Violet","Williams","F","1985-05-26","Y","N"
"H5952","Louis","Gomez","M","1985-09-17","Y","N"
"H6123","Loretta","Reed","F","1976-11-21","Y","Y"
"H6133","Justin","Richardson","M","2003-12-13","Y","N"
"H6287","Donna","Turner","F","1998-12-06","Y","N"
"H6298","Philip","Cook","M","2000-01-22","Y","N"
"H6744","Donald","Gray","M","1976-12-21","Y","N"
"H6868","Jessica","Thompson","F","1964-06-10","Y","N"
"H7565","Joe","Sanders","M","1951-12-24","Y","N"
"H7748","Alexis","Wilson","F","1984-01-24","Y","N"
"H7982","Sheila","Sanders","F","1954-07-02","Y","N"
"H9828","Wayne","Clark","M","1985-03-07","Y","N"
"H9864","Kaylee","Cruz","F","1996-02-24","N","Y"
"I0148","Brianna","Moore","F","1981-12-20","Y","N"
"I0292","John","Jenkins","M","1959-07-23","N","Y"
"I0482","Anthony","Richardson","M","2002-04-06","Y","N"
"I0906","Lynn","Smith","F","1982-09-05","Y","N"
"I1394","Henry","Walker","M","1994-01-01","N","Y"
"I1575","Brenda","Morales","F","1969-09-21","Y","N"
"I1707","Ethel","Cook","F","1947-06-15","Y","N"
"I2007","Gladys","Nguyen","F","1957-11-06","Y","N"
"I2372","Lorraine","Morgan","F","1952-11-06","Y","N"
"I2391","Jim","Cooper","M","1951-11-14","Y","N"
"I2418","Barbara","Jones","F","1994-09-01","Y","Y"
"I3180","Eleanor","Anderson","F","1952-11-11","Y","Y"
"I3409","Wanda","Moore","F","1990-07-19","N","Y"
"I3673","Stella","Stewart","F","1959-11-28","Y","N"
"I3752","Jason","Morgan","M","1973-07-29","Y","N"
"I3759","Jodi","Cruz","F","1991-12-06","Y","N"
"I4740","Patrick","Jenkins","M","1991-04-07","Y","N"
"I4756","Oscar","Gutierrez","M","2004-11-24","Y","N"
"I5861","Carl","Davis","M","1980-03-18","Y","N"
"I6122","Thomas","Perez","M","1957-12-17","Y","N"
"I6369","Mae","Jackson","F","1951-04-05","Y","N"
"I6679","Jerry","King","M","1994-01-18","Y","N"
"I6862","Gabriel","Hernandez","M","1974-08-06","Y","N"
"I6924","Allison","Gray","F","1981-09-04","Y","N"
"I7000","Darrell","Perez","M","1958-06-25","Y","N"
"I7044","Mamie","Thompson","F","1978-06-11","Y","Y"
"I7121","Joseph","Young","M","1948-11-30","Y","N"
"I7122","Richard","Morgan","M","1954-02-15","Y","Y"
"I8197","Leslie","Hall","F","2005-08-21","Y","N"
"I8458","Phillip","Jackson","M","1969-04-19","Y","N"
"I8603","Phyllis","Rogers","F","1968-01-28","Y","N"
"I9050","Julie","Wood","F","1968-01-28","Y","N"
"I9291","Thelma","Campbell","F","1987-03-22","Y","N"
"I9567","Edgar","Perez","M","1965-06-06","Y","N"
"I9894","Glenn","Baker","M","1953-08-30","Y","N"
"J0487","Clarence","Lee","M","1968-12-23","Y","N"
"J0612","Lloyd","Martinez","M","1981-12-07","Y","N"
"J0673","Luis","Roberts","M","1996-06-13","Y","N"
"J1025","Jacob","Rivera","M","2005-06-18","Y","N"
"J1109","Charlotte","White","F","1988-05-11","Y","N"
"J1363","Kristy","Cooper","F","1956-08-08","Y","N"
"J1845","Rita","Lopez","F","1992-12-03","Y","N"
"J1977","Bailey","Morgan","F","2000-02-29","Y","N"
"J2193","Mildred","Morris","F","1961-11-17","N","Y"
"J2559","Angel","Reyes","M","1968-12-18","Y","N"
"J2627","Margaret","Wright","F","1957-07-09","Y","N"
"J3320","Kevin","Gonzalez","M","1979-05-31","Y","N"
"J3343","Ella","Rivera","F","2003-08-15","Y","N"
"J3451","Cynthia","Rivera","F","1984-04-03","Y","N"
"J3738","Rose","Miller","F","1968-01-27","Y","N"
"J3945","Vincent","Gutierrez","M","1961-10-17","Y","N"
"J4289","Lauren","Bailey","F","1997-11-07","Y","N"
"J4951","Evan","Moore","M","1983-02-10","Y","N"
"J5098","Judy","Brooks","F","2003-11-16","Y","N"
"J5674","Patricia","Lewis","F","1992-10-04","N","Y"
"J5734","Pearl","Hughes","F","1989-11-11","Y","N"
"J7283","Madelyn","Flores","F","1989-05-16","Y","N"
"J7654","Marissa","Flores","F","2005-07-29","Y","N"
"J7892","Shirley","Wilson","F","1989-02-21","Y","N"
"J7996","Annie","Reed","F","1996-05-18","Y","N"
"J8084","James","Lee","M","1975-12-03","Y","N"
"J8681","Benjamin","Brown","M","1969-11-05","Y","N"
"J8732","Robert","Robinson","M","1959-01-01","Y","N"
"J8921","Marie","Gonzalez","F","1981-03-03","Y","N"
"J9094","Mary","Martin","F","1968-05-23","Y","N"
"J9609","Norma","Wilson","F","1968-08-29","Y","N"
"J9997","Renee","Powell","F","1986-04-15","Y","N"
"K1123","Thelma","Moore","F","1988-05-06","Y","N"
"K1911","Nathan","Bell","M","1955-01-30","Y","N"
"K1975","Jimmie","Evans","M","1996-11-11","Y","N"
"K2627","Ronald","Allen","M","2003-02-08","Y","N"
"K3476","Ann","Morales","F","1989-03-02","Y","N"
"K3513","Stanley","Taylor","M","1985-04-12","Y","N"
"K4243","Lillian","Thompson","F","1981-10-19","Y","N"
"K4875","Ruby","Hughes","F","1998-06-02","Y","N"
"K6061","Vickie","Hill","F","1950-02-04","Y","N"
"K6110","Philip","Harris","M","1963-07-30","Y","N"
"K6305","Fannie","Davis","F","1954-11-07","Y","N"
"K6522","Nannie","Cox","F","1948-04-01","N","Y"
"K7761","Susan","Gray","F","1997-08-02","Y","N"
"K7922","Xavier","Davis","M","1993-06-28","Y","N"
"K8179","Jason","Sanchez","M","1985-01-21","N","Y"
"K8217","Jasmine","Parker","F","1967-11-12","Y","N"
"K8694","Derrick","Sanchez","M","1955-12-20","Y","N"
"L0083","Wesley","Miller","M","1959-10-14","Y","N"
"L0234","Carol","Baker","F","1960-09-28","Y","N"
"L0329","Lois","Bennett","F","1966-03-23","Y","N"
"L0341","Cooper","Young","M","1950-12-24","Y","N"
"L0401","Courtney","Harris","F","2006-04-16","Y","N"
"L1345","Eliana","Rogers","F","1980-04-19","Y","N"
"L2017","Michele","Rivera","F","1997-10-09","Y","Y"
"L2187","Lena","Young","F","1952-09-15","Y","N"
"L2532","Kathryn","Bailey","F","1968-04-02","Y","N"
"L2740","Caleb","Carter","M","2003-11-26","Y","N"
"L3276","Minnie","Torres","F","1995-09-16","Y","N"
"L3379","Jacqueline","Martinez","F","1958-09-14","Y","Y"
"L3405","Ed","Young","M","1963-02-26","N","Y"
"L3501","Jessica","Thomas","F","1952-01-28","Y","N"
"L4122","Beatrice","Long","F","1993-11-09","Y","N"
"L4233","Camden","Morales","M","1958-12-29","Y","N"
"L5045","Nancy","Hernandez","F","1947-08-08","Y","N"
"L5855","Maria","Thompson","F","1968-10-10","Y","N"
"L6175","Howard","Anderson","M","1983-06-13","Y","N"
"L6491","Virginia","Barnes","F","1983-01-30","Y","N"
"L6498","Alvin","Green","M","1975-06-17","Y","N"
"L6837","Patricia","Fisher","F","1956-08-09","Y","N"
"L7128","Erica","Flores","F","1957-10-03","Y","N"
"L7485","Harold","Green","M","1963-01-12","Y","N"
"L7520","Steve","Fisher","M","1976-12-31","Y","N"
"L7792","Charlie","Hughes","M","1997-10-28","Y","N"
"L8138","Gavin","Sanders","M","1999-09-25","Y","N"
"L8171","Daniel","Smith","M","1973-06-09","Y","Y"
"L8347","Leon","Cooper","M","2002-12-26","Y","N"
"L8510","Tina","Watson","F","1986-08-14","Y","N"
"L8804","Lindsay","Rogers","F","1982-09-11","Y","N"
"L9331","John","King","M","1983-04-04","Y","N"
"L9461","Gladys","Nelson","F","1954-11-30","Y","N"
"L9507","Tom","Clark","M","1989-02-22","Y","N"
"M0174","John","Price","M","1969-07-08","Y","N"
"M0443","Joseph","Myers","M","1957-11-17","Y","N"
"M0608","Mary","Turner","F","1979-01-07","Y","Y"
"M0895","Brandi","Garcia","F","2001-10-29","Y","N"
"M2017","Marie","Taylor","F","1983-09-26","Y","N"
"M2031","Kathryn","Ortiz","F","1972-05-01","Y","N"
"M2327","James","Hill","M","2002-10-01","Y","N"
"M2510","Bernice","White","F","1985-02-27","Y","N"
"M2545","Amy","Richardson","F","2004-12-13","N","Y"
"M2672","Mattie","Morales","F","1977-09-12","Y","N"
"M3091","Linda","Richardson","F","1957-06-08","Y","N"
"M3628","Dana","Jackson","F","1962-11-10","Y","N"
"M4601","Flora","Cox","F","1957-08-03","Y","N"
"M5208","Violet","Morgan","F","1976-04-13","Y","N"
"M5509","Penelope","Ortiz","F","1992-10-17","Y","N"
"M5569","Kennedy","Perry","F","1980-09-18","Y","N"
"M5976","Jack","Diaz","M","1960-06-13","Y","N"
"M6191","Herman","Long","M","1967-08-08","Y","N"
"M6407","Richard","Ortiz","M","2005-07-15","Y","N"
"M6676","Constance","Murphy","F","1980-10-10","Y","N"
"M6768","Joyce","Miller","F","1973-07-04","Y","N"
"M7021","Nichole","Roberts","F","1976-05-27","Y","N"
"M7042","Frederick","Ross","M","1989-06-21","Y","N"
"M7389","Randy","Russell","M","1963-07-22","Y","N"
"M8335","Jesus","Ward","M","1990-02-28","Y","N"
"M8463","Jace","Miller","M","1979-06-09","Y","N"
"M8683","Katie","Scott","F","1955-06-01","Y","N"
"M8686","Jack","Wilson","M","1975-11-26","Y","N"
"M8809","Philip","Wood","M","1991-07-23","N","Y"
"M9581","Alexa","Hernandez","F","2005-01-01","Y","N"
"M9718","Latoya","Reed","F","1976-11-25","Y","N"
"M9864","Maureen","Lopez","F","1971-11-17","Y","N"
"N0349","Robert","Cooper","M","1948-06-25","Y","Y"
"N0652","Jesus","Ward","M","1963-04-08","Y","N"
"N1278","Ernest","Smith","M","1993-09-24","Y","N"
"N2131","Cathy","Miller","F","1950-02-26","Y","N"
"N2158","Judy","Brooks","F","1947-02-24","Y","N"
"N2273","Ariana","Ramirez","F","1982-07-13","Y","N"
"N3461","Thomas","Lewis","M","1963-07-11","Y","N"
"N3516","Jason","Barnes","M","1980-11-27","Y","N"
"N3756","Isaiah","Kelly","M","1995-03-08","Y","N"
"N3812","Erika","Bell","F","1958-09-16","Y","Y"
"N3869","Harold","Scott","M","1989-06-06","Y","N"
"N3875","Ann","White","F","1989-06-14","Y","N"
"N5764","Joyce","Ross","F","1962-08-04","Y","N"
"N5922","Kimberly","Wright","F","1991-02-12","Y","N"
"N6003","Linda","Bell","F","2006-04-13","Y","N"
"N6111","Autumn","Long","F","1980-03-08","Y","N"
"N6481","Kathleen","Parker","F","2000-03-16","Y","N"
"N6517","Debra","Price","F","1986-07-04","Y","N"
"N6763","Molly","Thompson","F","1951-09-08","Y","N"
"N6987","Edith","Wright","F","1958-11-05","Y","N"
"N7247","Jonathan","Smith","M","1972-03-11","Y","N"
"N7507","Jimmy","Ramirez","M","1956-01-06","Y","N"
"N7661","Tanner","Parker","M","1992-07-17","Y","N"
"N7770","Juan","Jenkins","M","1965-08-02","Y","N"
"N7848","Marvin","Kelly","M","1978-01-28","Y","N"
"N8299","Christine","Cooper","F","1979-10-17","Y","N"
"N8769","Ian","Mitchell","M","2006-04-02","Y","N"
"N9219","Daniel","Cook","M","2003-10-29","Y","N"
"N9560","Edward","Carter","M","1962-12-15","Y","N"
"N9700","Alfred","Long","M","1963-02-10","N","Y"
"N9713","Daisy","King","F","1961-07-31","Y","N"
"O0061","Randall","Martinez","M","1980-06-07","Y","N"
"O0394","Hailey","Martinez","F","1977-11-05","Y","N"
"O0666","Edward","Martin","M","1958-04-04","Y","Y"
"O0897","Caroline","Powell","F","1989-12-15","Y","N"
"O1131","Francis","Carter","M","1999-09-06","Y","Y"
"O1216","Andrew","Mitchell","M","1996-09-25","Y","N"
"O1375","Vincent","Edwards","M","1989-02-27","Y","N"
"O1691","Larry","Richardson","M","1983-08-03","Y","N"
"O1846","Clyde","Cruz","M","1972-04-30","Y","N"
"O1863","Virginia","Anderson","F","1970-08-28","Y","N"
"O2163","Jose","Moore","M","1979-07-05","Y","N"
"O2770","Joe","Richardson","M","1982-02-16","Y","N"
"O2836","Trinity","Price","F","1975-03-14","Y","N"
"O3151","Aiden","Perez","M","1967-08-01","Y","N"
"O3245","Danielle","Flores","F","1960-07-18","Y","N"
"O3460","Tony","Brown","M","1974-11-25","Y","N"
"O4108","Jared","Perry","M","1947-06-20","Y","N"
"O4709","Louis","Wilson","M","1998-01-10","Y","N"
"O5377","Annie","Diaz","F","2001-03-05","Y","N"
"O5401","Amelia","Rogers","F","1957-12-14","Y","N"
"O5572","Jack","Edwards","M","1992-12-21","Y","N"
"O5602","Courtney","Stewart","F","1969-04-28","Y","N"
"O5714","Jason","Sullivan","M","1982-06-27","Y","N"
"O5892","George","Hall","M","2003-02-17","Y","N"
"O6174","Steve","Hughes","M","2006-02-20","Y","N"
"O6385","Lauren","Brooks","F","1989-01-28","Y","N"
"O6784","Vincent","Parker","M","1952-04-20","Y","N"
"O6926","Randy","Jenkins","M","1980-04-12","Y","N"
"O7582","Della","Butler","F","1998-11-13","Y","N"
"O7712","Myrtle","Cruz","F","1962-06-21","Y","N"
"O8097","Shirley","Phillips","F","1992-12-20","Y","N"
"O8267","Kimberly","Morales","F","1963-07-11","Y","N"
"O8672","Jacqueline","Nelson","F","1953-07-14","Y","N"
"O8925","Anthony","Watson","M","1975-03-11","Y","N"
"O9019","Gary","Sanchez","M","1968-11-01","Y","N"
"O9656","Pearl","Barnes","F","1966-09-08","Y","N"
"P0177","Cora","Cook","F","1987-03-23","Y","N"
"P0214","Evelyn","Wright","F","1980-03-16","Y","N"
"P0220","Willie","Fisher","M","1990-01-30","N","Y"
"P0455","Barry","Rodriguez","M","1989-01-01","Y","N"
"P0718","Ruth","Martin","F","1982-04-30","Y","N"
"P1408","Blanche","Wilson","F","1985-09-02","Y","N"
"P1466","Shawn","Stewart","M","1995-12-24","Y","N"
"P1924","Marguerite","Evans","F","2006-05-24","Y","N"
"P2574","Johnny","Turner","M","1997-03-26","Y","N"
"P3152","Brianna","Gutierrez","F","1983-01-10","Y","N"
"P3392","Edgar","Anderson","M","1987-04-14","Y","N"
"P3863","Bernice","Gomez","F","1968-08-14","Y","N"
"P4322","Derek","Miller","M","1951-06-09","Y","N"
"P4585","Ian","Lopez","M","1993-12-01","Y","N"
"P5731","Andrea","Garcia","F","1965-09-16","Y","N"
"P6567","Cathy","Bennett","F","1972-05-17","Y","N"
"P6763","Shannon","Perez","F","1960-06-09","Y","N"
"P6835","Connie","Morgan","F","2004-11-27","Y","N"
"P6926","Thelma","Torres","F","2006-09-06","Y","N"
"P7210","Thomas","Kelly","M","1948-01-17","Y","N"
"P7637","Julia","Torres","F","1961-02-20","Y","N"
"P7691","Bertha","Green","F","1954-05-22","Y","N"
"P8009","Danny","Lee","M","1962-04-11","Y","N"
"P8602","James","Brown","M","2000-11-26","Y","N"
"P9149","Patrick","Ross","M","1987-06-24","N","Y"
"P9388","Victoria","Williams","F","1998-04-28","Y","N"
"Q0534","Edna","Smith","F","1988-08-17","Y","N"
"Q0840","Gladys","Butler","F","1985-01-05","Y","N"
"Q1994","Aaron","Foster","M","1980-07-07","Y","N"
"Q2309","Harvey","Flores","M","1980-06-01","Y","N"
"Q2387","Jocelyn","Harris","F","1980-02-05","Y","N"
"Q2390","Isaiah","Bennett","M","1980-04-08","Y","N"
"Q3013","Carl","Brown","M","2006-08-02","Y","N"
"Q4379","Jameson","Long","M","1981-06-05","Y","N"
"Q4463","Brandy","Nguyen","F","1969-02-24","Y","N"
"Q4577","Beatrice","Walker","F","1968-07-18","Y","N"
"Q4672","Florence","Flores","F","2005-06-05","Y","N"
"Q4955","George","Rogers","M","1955-12-08","Y","N"
"Q5374","Olive","Russell","F","1992-06-01","Y","N"
"Q5516","Joan","Thompson","F","1956-08-19","Y","N"
"Q5711","Richard","Hughes","M","1953-10-31","Y","N"
"Q5763","Dennis","Clark","M","1947-08-24","Y","N"
"Q6288","Lester","Phillips","M","1986-05-02","Y","N"
"Q6694","Frederick","Ward","M","1979-12-17","Y","N"
"Q6791","Angela","Turner","F","1990-11-11","Y","N"
"Q6948","Ellen","Jones","F","1997-09-29","Y","N"
"Q7317","Barry","Sullivan","M","1953-08-14","Y","N"
"Q7417","Jesse","Gray","M","1984-09-14","Y","N"
"Q7504","Jacob","Rodriguez","M","1958-06-24","Y","N"
"Q7613","Alyssa","Johnson","F","1972-08-25","N","Y"
"Q8426","Makayla","Hill","F","1971-12-14","Y","N"
"Q8470","Larry","Richardson","M","1993-12-09","Y","N"
"Q8598","Nathan","Wood","M","1953-01-10","Y","N"
"Q8988","Vera","Walker","F","1967-01-29","Y","N"
"Q9200","Norman","Ortiz","M","1947-05-02","Y","N"
"Q9258","Sophia","Brooks","F","1988-02-18","N","Y"
"Q9504","Albert","Long","M","1954-08-17","Y","N"
"Q9559","Mildred","Ward","F","1956-07-01","N","Y"
"Q9716","Nettie","Barnes","F","1995-01-11","Y","N"
"R0304","Doris","Scott","F","2002-06-12","Y","N"
"R1185","Emily","Bennett","F","1989-01-12","N","Y"
"R1449","Ralph","Ortiz","M","1982-04-05","Y","N"
"R1545","Jim","Cox","M","1972-02-18","Y","N"
"R2038","Daniel","Howard","M","1967-04-23","Y","N"
"R2099","Thelma","Edwards","F","1974-02-11","Y","N"
"R2115","Bernice","Morris","F","2006-09-09","Y","N"
"R2419","Benjamin","Ortiz","M","1997-10-25","Y","N"
"R2590","Kenneth","Sullivan","M","1979-02-21","Y","N"
"R3975","Jack","Morris","M","1963-09-05","Y","N"
"R4289","Cora","Rivera","F","1960-01-26","Y","N"
"R4326","Scott","Brooks","M","1984-06-01","Y","N"
"R4734","Vernon","Campbell","M","1961-01-11","Y","N"
"R4805","Evan","Jones","M","1964-10-09","Y","N"
"R5414","Dorothy","Myers","F","1964-03-05","Y","N"
"R5578","Wendy","Lee","F","1952-08-10","Y","N"
"R5798","Willie","Price","M","1978-01-29","Y","N"
"R5993","Chelsea","Ortiz","F","1960-08-26","Y","N"
"R6211","Lindsey","Jenkins","F","1947-01-11","Y","N"
"R6540","Robert","Adams","M","1991-09-27","Y","N"
"R7731","Vernon","Sanders","M","1948-08-23","Y","N"
"R8066","Elsie","Ross","F","1998-07-27","Y","N"
"R8090","Mary","Wilson","F","1966-03-26","Y","N"
"R8122","Thomas","Allen","M","2002-12-21","N","Y"
"R8808","Joshua","Scott","M","1949-09-29","Y","N"
"R9229","Shelby","Roberts","F","1952-12-28","Y","N"
"R9713","Audrey","Collins","F","1972-06-06","Y","N"
"R9896","Julia","Hill","F","1950-05-20","Y","N"
"S0078","Wyatt","White","M","2004-08-04","Y","N"
"S0445","Matthew","Roberts","M","1980-07-06","N","Y"
"S0910","Nicholas","Lee","M","1991-07-12","Y","N"
"S0947","Marilyn","Davis","F","1948-06-20","Y","N"
"S1066","George","Myers","M","1984-05-06","Y","N"
"S1203","Darlene","Cox","F","1979-08-07","Y","N"
"S1457","Glenn","Roberts","M","2005-10-09","Y","N"
"S2638","Rita","Kelly","F","1996-09-26","Y","N"
"S2953","Alan","Barnes","M","1986-01-04","Y","N"
"S2999","Martin","Baker","M","1957-04-11","Y","N"
"S4298","Gerald","Hill","M","1989-06-01","Y","N"
"S4378","Carrie","Hall","F","1992-03-02","Y","N"
"S4961","Jim","Morgan","M","1979-03-02","Y","N"
"S5010","Curtis","Lee","M","1958-06-12","Y","N"
"S7430","Roger","Gray","M","1982-12-14","Y","N"
"S7689","Rebecca","Butler","F","1992-08-31","Y","N"
"S8077","Stephanie","Ross","F","1961-11-19","Y","N"
"S8104","Lee","Perry","M","1993-09-30","Y","N"
"S8756","Doris","Butler","F","1954-05-27","Y","N"
"S8823","Alyssa","Powell","F","1996-02-13","Y","N"
"S8849","Zachary","Lopez","M","1947-07-18","Y","N"
"S9970","Thelma","Evans","F","2000-03-06","Y","N"
"T0493","Douglas","Long","M","1967-08-19","Y","N"
"T0662","Elizabeth","Brooks","F","1960-06-16","Y","N"
"T1276","Jasmine","Campbell","F","2003-03-06","Y","N"
"T1284","Harry","Morgan","M","1980-01-04","Y","Y"
"T1339","Donna","Perez","F","2004-09-23","Y","N"
"T1446","Brian","Morales","M","1974-10-24","Y","N"
"T1589","Luther","Torres","M","1978-08-05","Y","N"
"T2175","Roger","Baker","M","1985-11-13","Y","N"
"T2464","Alan","Anderson","M","1987-12-28","Y","N"
"T2579","Leon","Adams","M","1992-02-08","Y","N"
"T2745","Joe","Taylor","M","1994-03-01","Y","N"
"T3445","Louis","Cook","M","1957-03-01","Y","N"
"T3772","Tina","Ward","F","1969-02-18","Y","N"
"T4086","Adrian","Mitchell","M","1987-06-30","Y","N"
"T4230","Geraldine","Ramirez","F","1986-11-12","Y","N"
"T4685","Marguerite","Cruz","F","1960-11-25","Y","N"
"T5147","Jessie","Hughes","F","1977-02-10","Y","N"
"T5331","Catherine","Price","F","1947-10-12","Y","N"
"T5588","Jocelyn","Gray","F","1989-10-02","Y","N"
"T5650","Paul","Parker","M","1999-12-28","Y","N"
"T5830","Harvey","Powell","M","1978-04-19","Y","N"
"T5902","Howard","Phillips","M","2001-03-18","Y","N"
"T6987","Ellen","Wright","F","2001-04-02","Y","N"
"T7224","Joe","Garcia","M","1963-10-12","Y","N"
"T7439","Myrtle","Cruz","F","1995-04-16","Y","N"
"T7825","Rose","Davis","F","1966-10-24","Y","N"
"T8041","Cameron","Bailey","M","1998-01-13","Y","N"
"T8626","Eleanor","Myers","F","1970-05-17","Y","N"
"T8786","Roy","Kelly","M","1958-05-29","Y","N"
"T8964","Kim","Garcia","F","1957-06-07","Y","N"
"T9161","Mildred","Campbell","F","1991-03-25","Y","N"
"U0259","Addison","Sanchez","F","2002-10-21","Y","Y"
"U0401","Stella","Scott","F","1972-04-07","Y","N"
"U0493","Minnie","Richardson","F","1951-12-03","Y","N"
"U0566","Dora","Taylor","F","1964-04-15","Y","N"
"U0633","Christian","Ramirez","M","1993-03-06","Y","N"
"U1134","Kim","Stewart","F","2001-06-04","Y","N"
"U1147","Timothy","Barnes","M","1973-05-06","Y","N"
"U1393","Frank","Taylor","M","1971-01-27","Y","N"
"U1410","Dennis","Sanders","M","1992-02-28","Y","N"
"U1780","Tina","Campbell","F","1977-09-28","Y","N"
"U2475","Clifford","Clark","M","1964-02-18","Y","N"
"U2536","Henry","Cook","M","2004-05-06","Y","N"
"U2766","Susan","Sanchez","F","1962-04-25","Y","N"
"U2947","Henry","Thomas","M","2003-04-24","Y","N"
"U3017","Parker","Lopez","M","1979-01-09","Y","N"
"U3505","Autumn","Evans","F","1958-01-06","Y","N"
"U3823","Julie","Gonzalez","F","1977-10-19","Y","N"
"U3877","Lizzie","Anderson","F","1989-04-20","Y","N"
"U4407","Craig","Nelson","M","1972-09-03","Y","N"
"U4938","Heather","Lopez","F","1959-10-17","Y","Y"
"U4976","Floyd","Thomas","M","1957-11-26","Y","N"
"U4999","Donald","Gomez","M","1950-03-21","Y","N"
"U5140","Joseph","Butler","M","1955-01-08","Y","N"
"U5316","Clifford","Jackson","M","1980-04-18","Y","N"
"U5351","Roy","Diaz","M","1999-06-12","Y","N"
"U5385","Lucille","Nelson","F","1999-10-07","Y","N"
"U5441","Elizabeth","Fisher","F","1971-12-23","Y","N"
"U5694","Leo","Long","M","1997-05-01","Y","N"
"U5833","Ellen","Robinson","F","1977-10-14","Y","N"
"U5842","Glenn","Green","M","1954-05-16","N","Y"
"U6272","Edwin","Roberts","M","1972-05-14","Y","N"
"U6290","Dorothy","Robinson","F","1950-05-24","Y","N"
"U6825","Leroy","Bailey","M","1947-07-23","Y","N"
"U7876","Christy","Sullivan","F","1974-01-19","Y","N"
"U7942","Tina","Kelly","F","1987-11-15","Y","Y"
"U7955","Charlotte","Young","F","1965-06-10","Y","N"
"U7964","Justin","Nguyen","M","1990-06-08","Y","N"
"U8369","Bailey","Fisher","F","2005-05-03","N","Y"
"U8536","Beatrice","Moore","F","1958-04-23","Y","N"
"U8781","Anne","Cox","F","1983-06-19","Y","N"
"U8815","Clyde","Foster","M","1981-11-22","Y","N"
"U8916","Lee","Nelson","M","1964-12-03","Y","N"
"U9140","George","Diaz","M","1989-09-20","Y","N"
"U9453","Florence","Hernandez","F","1948-05-29","Y","N"
"V0276","Latoya","Rodriguez","F","1987-08-02","Y","N"
"V2056","Earl","Nelson","M","1947-04-13","Y","N"
"V2907","Katherine","Martin","F","1988-02-26","Y","N"
"V4305","Clara","Fisher","F","1955-01-17","Y","N"
"V4649","George","Turner","M","1964-09-16","Y","N"
"V4699","Margaret","Evans","F","1949-03-26","Y","N"
"V5328","Kathleen","Diaz","F","1964-10-24","Y","N"
"V5555","Laura","Johnson","F","1998-04-02","Y","N"
"V5887","Michael","Sanchez","M","1994-11-27","Y","N"
"V6155","John","Hall","M","1975-08-04","Y","N"
"V6161","Mildred","Robinson","F","2003-05-15","Y","N"
"V6342","Stacey","Martin","F","2001-08-12","Y","N"
"V6397","Gabriella","Anderson","F","1956-06-02","Y","N"
"V6560","Kayla","Baker","F","1979-07-12","Y","N"
"V6601","Adam","Nguyen","M","1950-06-03","Y","N"
"V6665","Sharon","Diaz","F","1964-09-05","Y","N"
"V7146","Ronald","Martin","M","1968-09-17","N","Y"
"V7518","Eva","Cruz","F","2004-11-17","Y","N"
"V8188","Ashley","Jackson","F","1963-04-22","Y","N"
"V8285","Edward","Young","M","1961-11-01","Y","N"
"V8393","Melvin","Smith","M","2004-03-11","Y","N"
"V8703","James","Howard","M","1959-03-01","Y","N"
"V9866","Beverly","Morales","F","1973-10-05","Y","N"
"W0418","Vernon","Young","M","1966-02-24","Y","N"
"W0450","Christina","Foster","F","1947-05-28","Y","N"
"W0756","Mason","Martin","M","2001-09-13","Y","N"
"W1059","Alan","Murphy","M","1967-05-16","Y","N"
"W1530","James","Parker","M","1968-04-28","Y","N"
"W1890","Marvin","Robinson","M","1958-04-28","N","Y"
"W1905","Ellen","Howard","F","1950-04-01","Y","N"
"W2146","Lester","Jones","M","1994-09-30","Y","N"
"W2365","Ellen","Lopez","F","1993-01-30","Y","N"
"W2429","James","Martin","M","1957-04-20","Y","N"
"W2497","Pearl","Wright","F","1971-09-01","Y","N"
"W3513","Brenda","Cox","F","2002-01-20","Y","N"
"W3715","Stanley","Edwards","M","1988-11-09","Y","N"
"W4053","Sierra","Diaz","F","1971-02-21","Y","N"
"W4218","Maria","Watson","F","1991-04-22","Y","N"
"W4678","Eric","Butler","M","1988-08-08","Y","N"
"W4718","Ezra","Robinson","M","1995-06-30","Y","N"
"W5184","Ben","Adams","M","1966-01-22","Y","N"
"W5288","Jade","Russell","F","1986-10-23","Y","N"
"W5368","Kayden","Evans","M","1963-06-15","Y","N"
"W5447","Raymond","Wilson","M","1994-02-09","N","Y"
"W5461","Joshua","Perry","M","1980-06-24","Y","N"
"W5896","Jeremiah","Brooks","M","1981-02-26","Y","N"
"W5984","Wanda","Baker","F","1997-04-12","Y","N"
"W7590","Irving","Sanders","M","1958-02-26","Y","N"
"W7830","Karen","Price","F","2001-10-13","Y","N"
"W7874","Harry","Scott","M","1977-12-07","Y","N"
"W8141","Randy","Rivera","M","2000-11-12","Y","N"
"W8215","Jean","Gray","F","1956-04-05","Y","N"
"W9122","Marie","Young","F","1998-01-28","Y","N"
"W9358","Ethel","Gutierrez","F","1981-07-31","Y","N"
"W9580","Richard","Jones","M","1959-11-11","Y","N"
"X0338","Sam","Nelson","M","1948-10-27","Y","N"
"X0408","Marguerite","James","F","1965-06-03","Y","N"
"X0423","Colton","Powell","M","1999-09-25","Y","N"
"X0501","Louise","Myers","F","1954-02-03","Y","N"
"X1238","Suzanne","Campbell","F","1970-05-06","Y","Y"
"X1597","Zoey","Harris","F","1998-11-11","Y","N"
"X2113","Lottie","Reed","F","1978-07-28","Y","N"
"X2310","Candice","Green","F","1984-11-03","Y","N"
"X2358","Lillian","Walker","F","1984-10-13","Y","N"
"X2876","Jessie","Hernandez","M","1975-12-13","Y","N"
"X3253","George","Jenkins","M","1975-06-30","Y","N"
"X3609","Jennie","Murphy","F","1962-12-30","Y","N"
"X4353","Brooke","Edwards","F","1982-10-09","Y","N"
"X5256","Ruby","Mitchell","F","1948-02-23","Y","N"
"X5276","Bonnie","Cook","F","1997-04-11","Y","N"
"X5440","Louis","Jones","M","2003-06-01","Y","N"
"X5606","Albert","Anderson","M","1986-08-05","Y","N"
"X5740","Philip","Scott","M","1984-04-06","Y","N"
"X5861","Patricia","Watson","F","1948-02-09","Y","N"
"X5911","Stella","Mitchell","F","1994-07-05","Y","N"
"X6051","Charlotte","Anderson","F","1992-04-25","Y","N"
"X6116","Minnie","Roberts","F","1966-10-09","Y","N"
"X6399","Jason","Brown","M","1980-08-21","Y","N"
"X6572","Raymond","Carter","M","1989-12-09","Y","N"
"X6978","Raymond","Gutierrez","M","1988-12-28","Y","N"
"X7122","Charlotte","Collins","F","1953-06-10","Y","N"
"X7228","Angelica","Sanders","F","1972-07-27","Y","N"
"X7721","Rita","Rogers","F","1977-02-09","Y","N"
"X7861","Louise","Jackson","F","1964-10-15","Y","N"
"X7897","Ernest","Allen","M","1948-06-14","Y","N"
"X8639","Jane","Reed","F","1960-04-13","Y","N"
"X8641","Jean","Green","F","1953-07-20","Y","N"
"X8684","Bailey","Hill","F","2005-11-09","Y","N"
"X8757","Jimmie","Martin","M","1977-07-12","Y","N"
"X8891","Virginia","Hall","F","1954-09-01","Y","N"
"X9311","Sylvia","Rivera","F","1952-12-24","Y","N"
"X9370","Maria","Rodriguez","F","1962-04-03","Y","N"
"X9742","Edith","Bailey","F","1968-04-09","Y","N"
"X9946","Lucy","Mitchell","F","1994-08-17","Y","N"
"Y0154","Martin","Gonzalez","M","1975-12-20","Y","N"
"Y1151","Catherine","Hall","F","1949-08-07","Y","N"
"Y1296","Lena","Sanders","F","2003-01-27","Y","N"
"Y1814","Leona","Hall","F","1947-06-06","Y","N"
"Y2040","Norman","Rogers","M","1971-03-31","Y","N"
"Y2475","Lucas","Carter","M","1981-10-18","Y","N"
"Y2515","Allison","Wright","F","1948-11-03","Y","N"
"Y2721","Eva","Sanchez","F","1952-01-09","Y","N"
"Y2740","Evelyn","Williams","F","1963-03-13","Y","N"
"Y3727","Jessie","Davis","M","1983-03-24","Y","N"
"Y4894","Connie","Bennett","F","1963-07-17","Y","N"
"Y5394","Thomas","Hughes","M","1971-03-22","Y","N"
"Y5537","Bernice","White","F","1988-08-17","Y","N"
"Y5723","Joshua","Cox","M","1995-03-03","Y","N"
"Y5775","Adam","Taylor","M","1966-08-17","Y","N"
"Y5868","Frederick","Garcia","M","2002-10-09","Y","N"
"Y6203","Martha","Gomez","F","2005-04-27","Y","N"
"Y6416","Monica","Adams","F","1983-03-21","Y","N"
"Y6724","Jacqueline","Powell","F","1953-12-12","Y","N"
"Y6783","Jennifer","Ross","F","1950-10-24","Y","N"
"Y6893","Jennie","Mitchell","F","2003-03-23","Y","N"
"Y7394","Isabel","Johnson","F","2001-06-19","Y","N"
"Y7433","Patrick","Reyes","M","1948-11-12","Y","Y"
"Y7889","Emma","Gray","F","1959-01-08","Y","N"
"Y8387","Leonard","Lopez","M","1957-05-01","N","Y"
"Y8496","Rosemary","Adams","F","1990-06-18","Y","N"
"Y8649","Sarah","Wood","F","1960-06-26","Y","N"
"Y9616","Gary","Richardson","M","1956-04-24","Y","N"
"Y9766","Shawn","Ross","M","1973-05-23","Y","N"
"Y9791","Natalie","Collins","F","1983-11-26","Y","N"
"Y9834","John","Bennett","M","1968-11-02","Y","N"
"Z0036","Otto","Gutierrez","M","1966-09-04","N","Y"
"Z0251","Naomi","Garcia","F","1976-02-05","Y","N"
"Z0517","Gerald","Bennett","M","1967-12-08","Y","N"
"Z0658","Bryan","Rodriguez","M","1972-10-04","Y","N"
"Z0795","Allison","Rodriguez","F","1972-10-05","Y","N"
"Z0987","Maria","Jenkins","F","1983-06-25","Y","N"
"Z1047","Michael","Powell","M","2006-07-09","Y","N"
"Z1096","Misty","Collins","F","1967-09-10","Y","N"
"Z1538","Christine","Nelson","F","1953-09-16","Y","N"
"Z2183","Charles","Allen","M","2001-09-06","Y","N"
"Z2335","Joseph","Perry","M","2006-02-14","Y","N"
"Z2874","Julie","Rodriguez","F","1958-02-06","Y","N"
"Z2900","William","Rodriguez","M","1983-10-04","Y","N"
"Z3250","Velma","Rivera","F","1968-11-01","Y","N"
"Z3665","Rose","Cox","F","1976-07-05","Y","N"
"Z3921","Charlie","Wilson","M","1975-02-11","Y","N"
"Z4062","Daniel","Reyes","M","1990-05-13","Y","N"
"Z4914","Gene","Nguyen","M","1986-09-15","Y","N"
"Z5208","Mary","Perez","F","1973-12-21","Y","N"
"Z5676","Stanley","Phillips","M","1981-04-02","Y","N"
"Z6048","Linda","King","F","1955-09-06","Y","N"
"Z6568","Margaret","Phillips","F","1998-11-08","Y","N"
"Z7154","Flora","Howard","F","1952-06-14","Y","N"
"Z7361","Kaitlyn","Sullivan","F","1970-04-22","Y","N"
"Z7558","Jennie","Carter","F","1961-05-30","Y","N"
"Z7872","Nellie","Ross","F","1965-12-15","Y","N"
"Z8009","Mark","Bailey","M","1968-05-30","Y","N"
"Z8744","Benjamin","Fisher","M","2005-06-18","Y","N"
"Z9624","Jo","Bennett","F","1989-10-22","Y","N"
"Z9673","Nathan","Harris","M","1950-01-14","Y","N"
